depth_km,strike,dip,rake,station,window,component,cc,shift_s
6,60,70,-180,IW.DLMT,pnl,BHZ,0.21902630650804555,5.0
6,60,70,-180,IW.DLMT,pnl,BH1,0.5728016224849667,5.0
6,60,70,-180,IW.DLMT,pnl,BH2,0.21295693534241952,5.0
6,60,70,-180,IW.DLMT,surface,BHZ,0.6706591221290823,5.4
6,60,70,-180,IW.DLMT,surface,BH1,0.9179955868732964,5.4
6,60,70,-180,IW.DLMT,surface,BH2,0.7991129972641865,5.4
6,60,70,-180,IW.MFID,pnl,BHZ,0.646046449913843,2.0
6,60,70,-180,IW.MFID,pnl,BH1,0.7597686180412949,2.0
6,60,70,-180,IW.MFID,pnl,BH2,0.9729335362252743,2.0
6,60,70,-180,IW.MFID,surface,BHZ,0.06859440441994481,2.0
6,60,70,-180,IW.MFID,surface,BH1,-0.06473804024580282,2.0
6,60,70,-180,IW.MFID,surface,BH2,0.34132057980976005,2.0
6,60,70,-180,IW.PLID,pnl,BHZ,0.8518279011916643,2.8000000000000003
6,60,70,-180,IW.PLID,pnl,BH1,0.945846962418776,2.8000000000000003
6,60,70,-180,IW.PLID,pnl,BH2,0.9645994702683701,2.8000000000000003
6,60,70,-180,IW.PLID,surface,BHZ,-0.1738766665150408,2.0
6,60,70,-180,IW.PLID,surface,BH1,0.48240555406578933,2.0
6,60,70,-180,IW.PLID,surface,BH2,0.23383625966569735,2.0
6,60,70,-180,US.BMO,pnl,BHZ,0.900427951882498,3.5
6,60,70,-180,US.BMO,pnl,BH1,0.9221650692254953,3.5
6,60,70,-180,US.BMO,pnl,BH2,0.19309371892926006,3.5
6,60,70,-180,US.BMO,surface,BHZ,0.017709293679307143,2.0
6,60,70,-180,US.BMO,surface,BH1,0.7527731769953597,2.0
6,60,70,-180,US.BMO,surface,BH2,0.3746399734588647,2.0
6,60,70,-180,US.BOZ,pnl,BHZ,0.24203247315795937,6.0
6,60,70,-180,US.BOZ,pnl,BH1,-0.4381094337475099,6.0
6,60,70,-180,US.BOZ,pnl,BH2,-0.40086048424694676,6.0
6,60,70,-180,US.BOZ,surface,BHZ,0.7814188210769311,6.0
6,60,70,-180,US.BOZ,surface,BH1,0.9354833157690229,6.0
6,60,70,-180,US.BOZ,surface,BH2,0.7799087569224691,6.0
6,60,70,-180,US.DUG,pnl,BHZ,0.14743748728845243,6.0
6,60,70,-180,US.DUG,pnl,BH1,0.34243248204366894,6.0
6,60,70,-180,US.DUG,pnl,BH2,-0.11827562820650338,6.0
6,60,70,-180,US.DUG,surface,BHZ,0.12183817018474795,2.8000000000000003
6,60,70,-180,US.DUG,surface,BH1,0.7855847182430044,2.8000000000000003
6,60,70,-180,US.DUG,surface,BH2,0.8043181984793484,2.8000000000000003
6,60,70,-180,US.ELK,pnl,BHZ,0.9851111136288704,2.6
6,60,70,-180,US.ELK,pnl,BH1,0.9864626157658649,2.6
6,60,70,-180,US.ELK,pnl,BH2,0.9409435964822065,2.6
6,60,70,-180,US.ELK,surface,BHZ,0.6110996678891853,5.4
6,60,70,-180,US.ELK,surface,BH1,0.19369330268124013,5.4
6,60,70,-180,US.ELK,surface,BH2,0.8069351819407314,5.4
6,60,70,-180,US.HAWA,pnl,BHZ,0.8638651324090664,3.1
6,60,70,-180,US.HAWA,pnl,BH1,0.9085727590058901,3.1
6,60,70,-180,US.HAWA,pnl,BH2,0.6392725909462862,3.1
6,60,70,-180,US.HAWA,surface,BHZ,0.8406542013048596,6.0
6,60,70,-180,US.HAWA,surface,BH1,0.856739475691599,6.0
6,60,70,-180,US.HAWA,surface,BH2,0.7873933331529088,6.0
6,60,70,-180,US.HWUT,pnl,BHZ,0.8919525608080403,3.5
6,60,70,-180,US.HWUT,pnl,BH1,0.8266600293788279,3.5
6,60,70,-180,US.HWUT,pnl,BH2,0.6988491714522024,3.5
6,60,70,-180,US.HWUT,surface,BHZ,0.5634983532632297,5.1000000000000005
6,60,70,-180,US.HWUT,surface,BH1,0.8855307560026033,5.1000000000000005
6,60,70,-180,US.HWUT,surface,BH2,0.8864432137706579,5.1000000000000005
6,60,70,-180,US.MSO,pnl,BHZ,0.9515369360215702,3.7
6,60,70,-180,US.MSO,pnl,BH1,0.9392439608821214,3.7
6,60,70,-180,US.MSO,pnl,BH2,0.7296052143024618,3.7
6,60,70,-180,US.MSO,surface,BHZ,0.8266518912430799,5.6000000000000005
6,60,70,-180,US.MSO,surface,BH1,0.9100489174396161,5.6000000000000005
6,60,70,-180,US.MSO,surface,BH2,0.918941834116355,5.6000000000000005
6,60,70,-180,US.NEW,pnl,BHZ,0.9470583719570459,2.6
6,60,70,-180,US.NEW,pnl,BH1,0.917411021565007,2.6
6,60,70,-180,US.NEW,pnl,BH2,-0.7921325587366598,2.6
6,60,70,-180,US.NEW,surface,BHZ,0.510645015707105,2.9000000000000004
6,60,70,-180,US.NEW,surface,BH1,0.5518926983818043,2.9000000000000004
6,60,70,-180,US.NEW,surface,BH2,0.9654702333930025,2.9000000000000004
6,60,70,-180,US.WVOR,pnl,BHZ,0.9064598948100667,2.0
6,60,70,-180,US.WVOR,pnl,BH1,0.1792897928094298,2.0
6,60,70,-180,US.WVOR,pnl,BH2,0.3458150187523299,2.0
6,60,70,-180,US.WVOR,surface,BHZ,0.690219504618823,4.0
6,60,70,-180,US.WVOR,surface,BH1,0.7972049065664475,4.0
6,60,70,-180,US.WVOR,surface,BH2,0.7816223790067928,4.0
6,60,70,-170,IW.DLMT,pnl,BHZ,0.15940977037322582,4.4
6,60,70,-170,IW.DLMT,pnl,BH1,0.6343292161953819,4.4
6,60,70,-170,IW.DLMT,pnl,BH2,0.25529015717806564,4.4
6,60,70,-170,IW.DLMT,surface,BHZ,0.6852991076836956,5.300000000000001
6,60,70,-170,IW.DLMT,surface,BH1,0.9221251547831544,5.300000000000001
6,60,70,-170,IW.DLMT,surface,BH2,0.8057404247212977,5.300000000000001
6,60,70,-170,IW.MFID,pnl,BHZ,0.7371570002553774,2.0
6,60,70,-170,IW.MFID,pnl,BH1,0.8006038542053049,2.0
6,60,70,-170,IW.MFID,pnl,BH2,0.9750755220327856,2.0
6,60,70,-170,IW.MFID,surface,BHZ,0.06770289811296688,2.0
6,60,70,-170,IW.MFID,surface,BH1,-0.0008483484377846714,2.0
6,60,70,-170,IW.MFID,surface,BH2,0.3273849459108704,2.0
6,60,70,-170,IW.PLID,pnl,BHZ,0.9268828745054201,2.8000000000000003
6,60,70,-170,IW.PLID,pnl,BH1,0.9532435552754203,2.8000000000000003
6,60,70,-170,IW.PLID,pnl,BH2,0.9560192946682681,2.8000000000000003
6,60,70,-170,IW.PLID,surface,BHZ,-0.1874689327058642,2.0
6,60,70,-170,IW.PLID,surface,BH1,0.5215465204221231,2.0
6,60,70,-170,IW.PLID,surface,BH2,0.23394257987244774,2.0
6,60,70,-170,US.BMO,pnl,BHZ,0.9575016702245023,3.3000000000000003
6,60,70,-170,US.BMO,pnl,BH1,0.9452996083463325,3.3000000000000003
6,60,70,-170,US.BMO,pnl,BH2,0.24755336387135538,3.3000000000000003
6,60,70,-170,US.BMO,surface,BHZ,0.006239341207353546,2.0
6,60,70,-170,US.BMO,surface,BH1,0.7346984741302437,2.0
6,60,70,-170,US.BMO,surface,BH2,0.37728814616853523,2.0
6,60,70,-170,US.BOZ,pnl,BHZ,0.290049241789915,6.0
6,60,70,-170,US.BOZ,pnl,BH1,-0.42296365718427475,6.0
6,60,70,-170,US.BOZ,pnl,BH2,-0.38522944203864906,6.0
6,60,70,-170,US.BOZ,surface,BHZ,0.809472861326485,6.0
6,60,70,-170,US.BOZ,surface,BH1,0.9309949429591495,6.0
6,60,70,-170,US.BOZ,surface,BH2,0.7872915019325586,6.0
6,60,70,-170,US.DUG,pnl,BHZ,0.6586355718626821,3.1
6,60,70,-170,US.DUG,pnl,BH1,0.4452844973235189,3.1
6,60,70,-170,US.DUG,pnl,BH2,0.3008434459093656,3.1
6,60,70,-170,US.DUG,surface,BHZ,0.5322194902254609,3.5
6,60,70,-170,US.DUG,surface,BH1,0.8424897033461688,3.5
6,60,70,-170,US.DUG,surface,BH2,0.8892899366878121,3.5
6,60,70,-170,US.ELK,pnl,BHZ,0.9840645319958596,2.8000000000000003
6,60,70,-170,US.ELK,pnl,BH1,0.9836826573857599,2.8000000000000003
6,60,70,-170,US.ELK,pnl,BH2,0.9289033820892705,2.8000000000000003
6,60,70,-170,US.ELK,surface,BHZ,0.7841833331282994,4.9
6,60,70,-170,US.ELK,surface,BH1,0.37048299105515536,4.9
6,60,70,-170,US.ELK,surface,BH2,0.8765498113291947,4.9
6,60,70,-170,US.HAWA,pnl,BHZ,0.8747990134299111,3.3000000000000003
6,60,70,-170,US.HAWA,pnl,BH1,0.9248165107585519,3.3000000000000003
6,60,70,-170,US.HAWA,pnl,BH2,0.6146173321029309,3.3000000000000003
6,60,70,-170,US.HAWA,surface,BHZ,0.8988477011102248,5.9
6,60,70,-170,US.HAWA,surface,BH1,0.8351967913336819,5.9
6,60,70,-170,US.HAWA,surface,BH2,0.8245423841245135,5.9
6,60,70,-170,US.HWUT,pnl,BHZ,0.8971587209262541,3.2
6,60,70,-170,US.HWUT,pnl,BH1,0.8320039538280946,3.2
6,60,70,-170,US.HWUT,pnl,BH2,0.7072182583645517,3.2
6,60,70,-170,US.HWUT,surface,BHZ,0.48028578706018626,5.4
6,60,70,-170,US.HWUT,surface,BH1,0.8748533574111754,5.4
6,60,70,-170,US.HWUT,surface,BH2,0.8946326571645392,5.4
6,60,70,-170,US.MSO,pnl,BHZ,0.9554091879065613,3.6
6,60,70,-170,US.MSO,pnl,BH1,0.9397877271481556,3.6
6,60,70,-170,US.MSO,pnl,BH2,0.7283667302363196,3.6
6,60,70,-170,US.MSO,surface,BHZ,0.8504690646342445,5.5
6,60,70,-170,US.MSO,surface,BH1,0.8926604567546303,5.5
6,60,70,-170,US.MSO,surface,BH2,0.9301439824946972,5.5
6,60,70,-170,US.NEW,pnl,BHZ,0.9448901965314257,2.2
6,60,70,-170,US.NEW,pnl,BH1,0.9142857665159149,2.2
6,60,70,-170,US.NEW,pnl,BH2,-0.7244643987633009,2.2
6,60,70,-170,US.NEW,surface,BHZ,0.6969555633020242,3.2
6,60,70,-170,US.NEW,surface,BH1,0.6077311082350559,3.2
6,60,70,-170,US.NEW,surface,BH2,0.9602396898877883,3.2
6,60,70,-170,US.WVOR,pnl,BHZ,0.918697494262749,2.0
6,60,70,-170,US.WVOR,pnl,BH1,0.19694286175323866,2.0
6,60,70,-170,US.WVOR,pnl,BH2,0.34921063754660914,2.0
6,60,70,-170,US.WVOR,surface,BHZ,0.7138351056649322,4.1000000000000005
6,60,70,-170,US.WVOR,surface,BH1,0.8050776999868618,4.1000000000000005
6,60,70,-170,US.WVOR,surface,BH2,0.7913935018050183,4.1000000000000005
6,60,80,-180,IW.DLMT,pnl,BHZ,0.10915813138299837,5.0
6,60,80,-180,IW.DLMT,pnl,BH1,0.5698016633846351,5.0
6,60,80,-180,IW.DLMT,pnl,BH2,0.18660150445496357,5.0
6,60,80,-180,IW.DLMT,surface,BHZ,0.5766777109871659,5.2
6,60,80,-180,IW.DLMT,surface,BH1,0.921866442984682,5.2
6,60,80,-180,IW.DLMT,surface,BH2,0.8373936638888746,5.2
6,60,80,-180,IW.MFID,pnl,BHZ,0.6862075755743919,2.0
6,60,80,-180,IW.MFID,pnl,BH1,0.7767044487358213,2.0
6,60,80,-180,IW.MFID,pnl,BH2,0.9752640923612119,2.0
6,60,80,-180,IW.MFID,surface,BHZ,0.07153311795962936,2.0
6,60,80,-180,IW.MFID,surface,BH1,-0.022798158023734652,2.0
6,60,80,-180,IW.MFID,surface,BH2,0.35510532657616417,2.0
6,60,80,-180,IW.PLID,pnl,BHZ,0.9099521012796675,2.8000000000000003
6,60,80,-180,IW.PLID,pnl,BH1,0.9478158331675113,2.8000000000000003
6,60,80,-180,IW.PLID,pnl,BH2,0.9622123693034057,2.8000000000000003
6,60,80,-180,IW.PLID,surface,BHZ,-0.1734764233375848,2.0
6,60,80,-180,IW.PLID,surface,BH1,0.5193726365331867,2.0
6,60,80,-180,IW.PLID,surface,BH2,-0.025923584994725874,2.0
6,60,80,-180,US.BMO,pnl,BHZ,0.8288297746174633,3.6
6,60,80,-180,US.BMO,pnl,BH1,0.9043063748961311,3.6
6,60,80,-180,US.BMO,pnl,BH2,0.13820767617795124,3.6
6,60,80,-180,US.BMO,surface,BHZ,0.019079918509428417,2.0
6,60,80,-180,US.BMO,surface,BH1,0.7436853740368122,2.0
6,60,80,-180,US.BMO,surface,BH2,0.36761398805874423,2.0
6,60,80,-180,US.BOZ,pnl,BHZ,0.11570113647592642,6.0
6,60,80,-180,US.BOZ,pnl,BH1,-0.4712316256382034,6.0
6,60,80,-180,US.BOZ,pnl,BH2,-0.47388955219193996,6.0
6,60,80,-180,US.BOZ,surface,BHZ,0.7096176657908028,5.800000000000001
6,60,80,-180,US.BOZ,surface,BH1,0.9437833223638432,5.800000000000001
6,60,80,-180,US.BOZ,surface,BH2,0.788988987061041,5.800000000000001
6,60,80,-180,US.DUG,pnl,BHZ,0.11479654742240158,6.0
6,60,80,-180,US.DUG,pnl,BH1,0.3236633361565664,6.0
6,60,80,-180,US.DUG,pnl,BH2,-0.10834465256695312,6.0
6,60,80,-180,US.DUG,surface,BHZ,-0.007409407832220312,2.8000000000000003
6,60,80,-180,US.DUG,surface,BH1,0.7803138069993184,2.8000000000000003
6,60,80,-180,US.DUG,surface,BH2,0.7974060608603728,2.8000000000000003
6,60,80,-180,US.ELK,pnl,BHZ,0.9847120550753644,2.7
6,60,80,-180,US.ELK,pnl,BH1,0.9853403954731242,2.7
6,60,80,-180,US.ELK,pnl,BH2,0.9410665291184275,2.7
6,60,80,-180,US.ELK,surface,BHZ,0.702854330983998,5.2
6,60,80,-180,US.ELK,surface,BH1,0.23269084809575113,5.2
6,60,80,-180,US.ELK,surface,BH2,0.850410865867844,5.2
6,60,80,-180,US.HAWA,pnl,BHZ,0.8657595502068505,3.0
6,60,80,-180,US.HAWA,pnl,BH1,0.9061562983044569,3.0
6,60,80,-180,US.HAWA,pnl,BH2,0.6398514164685051,3.0
6,60,80,-180,US.HAWA,surface,BHZ,0.7607598091289985,6.0
6,60,80,-180,US.HAWA,surface,BH1,0.8637632276491052,6.0
6,60,80,-180,US.HAWA,surface,BH2,0.7624921410431655,6.0
6,60,80,-180,US.HWUT,pnl,BHZ,0.8887435004617653,3.6
6,60,80,-180,US.HWUT,pnl,BH1,0.8239058668758931,3.6
6,60,80,-180,US.HWUT,pnl,BH2,0.6961946849861528,3.6
6,60,80,-180,US.HWUT,surface,BHZ,0.5863467311183176,5.0
6,60,80,-180,US.HWUT,surface,BH1,0.88719853956159,5.0
6,60,80,-180,US.HWUT,surface,BH2,0.8848127742293421,5.0
6,60,80,-180,US.MSO,pnl,BHZ,0.9549685303272235,3.5
6,60,80,-180,US.MSO,pnl,BH1,0.9346007730572137,3.5
6,60,80,-180,US.MSO,pnl,BH2,0.7468181074836279,3.5
6,60,80,-180,US.MSO,surface,BHZ,0.8307406378280998,5.6000000000000005
6,60,80,-180,US.MSO,surface,BH1,0.8720986256532521,5.6000000000000005
6,60,80,-180,US.MSO,surface,BH2,0.9340706717638492,5.6000000000000005
6,60,80,-180,US.NEW,pnl,BHZ,0.9488776586951334,2.5
6,60,80,-180,US.NEW,pnl,BH1,0.919748670385489,2.5
6,60,80,-180,US.NEW,pnl,BH2,-0.7897335762895785,2.5
6,60,80,-180,US.NEW,surface,BHZ,0.5997072026015009,3.0
6,60,80,-180,US.NEW,surface,BH1,0.5824995994916,3.0
6,60,80,-180,US.NEW,surface,BH2,0.9617495539218368,3.0
6,60,80,-180,US.WVOR,pnl,BHZ,0.9171263550338491,2.0
6,60,80,-180,US.WVOR,pnl,BH1,0.16696999596976042,2.0
6,60,80,-180,US.WVOR,pnl,BH2,0.33647946247964516,2.0
6,60,80,-180,US.WVOR,surface,BHZ,0.7171893146446823,3.9000000000000004
6,60,80,-180,US.WVOR,surface,BH1,0.8036146289290365,3.9000000000000004
6,60,80,-180,US.WVOR,surface,BH2,0.794075650882226,3.9000000000000004
6,60,60,-160,IW.DLMT,pnl,BHZ,0.27437754916705953,3.7
6,60,60,-160,IW.DLMT,pnl,BH1,0.6940654674912469,3.7
6,60,60,-160,IW.DLMT,pnl,BH2,0.3535849688535609,3.7
6,60,60,-160,IW.DLMT,surface,BHZ,0.7451668720931724,5.4
6,60,60,-160,IW.DLMT,surface,BH1,0.9233430364480669,5.4
6,60,60,-160,IW.DLMT,surface,BH2,0.7495258657082201,5.4
6,60,60,-160,IW.MFID,pnl,BHZ,0.7710307011598879,2.0
6,60,60,-160,IW.MFID,pnl,BH1,0.7766772157505837,2.0
6,60,60,-160,IW.MFID,pnl,BH2,0.9736484635887686,2.0
6,60,60,-160,IW.MFID,surface,BHZ,0.05732384693548925,2.0
6,60,60,-160,IW.MFID,surface,BH1,-0.020750581168058398,2.0
6,60,60,-160,IW.MFID,surface,BH2,0.29090860720342376,2.0
6,60,60,-160,IW.PLID,pnl,BHZ,0.918174798137153,2.9000000000000004
6,60,60,-160,IW.PLID,pnl,BH1,0.9568687011604164,2.9000000000000004
6,60,60,-160,IW.PLID,pnl,BH2,0.8706883306070927,2.9000000000000004
6,60,60,-160,IW.PLID,surface,BHZ,-0.19177466794810566,2.0
6,60,60,-160,IW.PLID,surface,BH1,0.4966225260018187,2.0
6,60,60,-160,IW.PLID,surface,BH2,0.2484136074487062,2.0
6,60,60,-160,US.BMO,pnl,BHZ,0.9583512317295181,3.2
6,60,60,-160,US.BMO,pnl,BH1,0.9552642489717741,3.2
6,60,60,-160,US.BMO,pnl,BH2,0.28725575601823,3.2
6,60,60,-160,US.BMO,surface,BHZ,-0.014291835753697206,2.0
6,60,60,-160,US.BMO,surface,BH1,0.7341059825685643,2.0
6,60,60,-160,US.BMO,surface,BH2,0.36538340302416183,2.0
6,60,60,-160,US.BOZ,pnl,BHZ,0.5362740713954922,6.0
6,60,60,-160,US.BOZ,pnl,BH1,-0.3580124760517356,6.0
6,60,60,-160,US.BOZ,pnl,BH2,-0.21689409638816537,6.0
6,60,60,-160,US.BOZ,surface,BHZ,0.8395888244404935,6.0
6,60,60,-160,US.BOZ,surface,BH1,0.9326367832656636,6.0
6,60,60,-160,US.BOZ,surface,BH2,0.781227983495118,6.0
6,60,60,-160,US.DUG,pnl,BHZ,0.678655180042024,2.2
6,60,60,-160,US.DUG,pnl,BH1,0.5255880014645219,2.2
6,60,60,-160,US.DUG,pnl,BH2,0.282343770901602,2.2
6,60,60,-160,US.DUG,surface,BHZ,0.5224084661526031,3.8000000000000003
6,60,60,-160,US.DUG,surface,BH1,0.8452589563493288,3.8000000000000003
6,60,60,-160,US.DUG,surface,BH2,0.9089869889228973,3.8000000000000003
6,60,60,-160,US.ELK,pnl,BHZ,0.9806418026206765,2.9000000000000004
6,60,60,-160,US.ELK,pnl,BH1,0.9782285314882477,2.9000000000000004
6,60,60,-160,US.ELK,pnl,BH2,0.898583646556967,2.9000000000000004
6,60,60,-160,US.ELK,surface,BHZ,0.7678442381954065,4.800000000000001
6,60,60,-160,US.ELK,surface,BH1,0.5184785284182948,4.800000000000001
6,60,60,-160,US.ELK,surface,BH2,0.874570176499302,4.800000000000001
6,60,60,-160,US.HAWA,pnl,BHZ,0.8317425962612957,4.800000000000001
6,60,60,-160,US.HAWA,pnl,BH1,0.8195663043809038,4.800000000000001
6,60,60,-160,US.HAWA,pnl,BH2,0.4433063547637158,4.800000000000001
6,60,60,-160,US.HAWA,surface,BHZ,0.8521630207157526,5.800000000000001
6,60,60,-160,US.HAWA,surface,BH1,0.8158582303793925,5.800000000000001
6,60,60,-160,US.HAWA,surface,BH2,0.8489418183412345,5.800000000000001
6,60,60,-160,US.HWUT,pnl,BHZ,0.9191241265193739,2.6
6,60,60,-160,US.HWUT,pnl,BH1,0.8386713672768981,2.6
6,60,60,-160,US.HWUT,pnl,BH2,0.7219177760613191,2.6
6,60,60,-160,US.HWUT,surface,BHZ,0.36732601711551116,5.5
6,60,60,-160,US.HWUT,surface,BH1,0.8592087977219024,5.5
6,60,60,-160,US.HWUT,surface,BH2,0.8898000589934618,5.5
6,60,60,-160,US.MSO,pnl,BHZ,0.9570438839812586,3.7
6,60,60,-160,US.MSO,pnl,BH1,0.9449280541697697,3.7
6,60,60,-160,US.MSO,pnl,BH2,0.7136990645314303,3.7
6,60,60,-160,US.MSO,surface,BHZ,0.8304274994645787,5.300000000000001
6,60,60,-160,US.MSO,surface,BH1,0.9188125576494075,5.300000000000001
6,60,60,-160,US.MSO,surface,BH2,0.9362536815314573,5.300000000000001
6,60,60,-160,US.NEW,pnl,BHZ,0.9398970533570015,2.1
6,60,60,-160,US.NEW,pnl,BH1,0.9098475207577934,2.1
6,60,60,-160,US.NEW,pnl,BH2,-0.6324319294901518,2.1
6,60,60,-160,US.NEW,surface,BHZ,0.7304406074037727,3.5
6,60,60,-160,US.NEW,surface,BH1,0.591763713864655,3.5
6,60,60,-160,US.NEW,surface,BH2,0.951482853552869,3.5
6,60,60,-160,US.WVOR,pnl,BHZ,0.918085696593665,2.0
6,60,60,-160,US.WVOR,pnl,BH1,0.2359056753364177,2.0
6,60,60,-160,US.WVOR,pnl,BH2,0.3663513891021369,2.0
6,60,60,-160,US.WVOR,surface,BHZ,0.6839043605090256,4.2
6,60,60,-160,US.WVOR,surface,BH1,0.7996413418568407,4.2
6,60,60,-160,US.WVOR,surface,BH2,0.7731074545048239,4.2
6,60,70,-160,IW.DLMT,pnl,BHZ,0.14245514587525107,3.8000000000000003
6,60,70,-160,IW.DLMT,pnl,BH1,0.6807709077757832,3.8000000000000003
6,60,70,-160,IW.DLMT,pnl,BH2,0.3067492136540242,3.8000000000000003
6,60,70,-160,IW.DLMT,surface,BHZ,0.7151984333139664,5.300000000000001
6,60,70,-160,IW.DLMT,surface,BH1,0.9183390610429932,5.300000000000001
6,60,70,-160,IW.DLMT,surface,BH2,0.8006867088195837,5.300000000000001
6,60,70,-160,IW.MFID,pnl,BHZ,0.7256314958835637,2.0
6,60,70,-160,IW.MFID,pnl,BH1,0.7766971827548299,2.0
6,60,70,-160,IW.MFID,pnl,BH2,0.9772874449181288,2.0
6,60,70,-160,IW.MFID,surface,BHZ,0.06714195688883853,2.0
6,60,70,-160,IW.MFID,surface,BH1,0.024240784578126538,2.0
6,60,70,-160,IW.MFID,surface,BH2,0.31309268025668197,2.0
6,60,70,-160,IW.PLID,pnl,BHZ,0.9610097517403643,2.9000000000000004
6,60,70,-160,IW.PLID,pnl,BH1,0.9460625863514978,2.9000000000000004
6,60,70,-160,IW.PLID,pnl,BH2,0.9362576723953318,2.9000000000000004
6,60,70,-160,IW.PLID,surface,BHZ,-0.19116563773643735,2.0
6,60,70,-160,IW.PLID,surface,BH1,0.5475766572833874,2.0
6,60,70,-160,IW.PLID,surface,BH2,0.22924823438049163,2.0
6,60,70,-160,US.BMO,pnl,BHZ,0.9685009073883855,3.2
6,60,70,-160,US.BMO,pnl,BH1,0.9545511551810775,3.2
6,60,70,-160,US.BMO,pnl,BH2,0.3019197596046174,3.2
6,60,70,-160,US.BMO,surface,BHZ,-0.004416342216734441,2.0
6,60,70,-160,US.BMO,surface,BH1,0.7169050560259578,2.0
6,60,70,-160,US.BMO,surface,BH2,0.37514058694019187,2.0
6,60,70,-160,US.BOZ,pnl,BHZ,0.35842025881440004,6.0
6,60,70,-160,US.BOZ,pnl,BH1,-0.4011707091158965,6.0
6,60,70,-160,US.BOZ,pnl,BH2,-0.36045129143416915,6.0
6,60,70,-160,US.BOZ,surface,BHZ,0.8196012124432184,5.9
6,60,70,-160,US.BOZ,surface,BH1,0.9347093255100694,5.9
6,60,70,-160,US.BOZ,surface,BH2,0.7989230625365472,5.9
6,60,70,-160,US.DUG,pnl,BHZ,0.6563690356801787,3.0
6,60,70,-160,US.DUG,pnl,BH1,0.5038251660278176,3.0
6,60,70,-160,US.DUG,pnl,BH2,0.3115511887960843,3.0
6,60,70,-160,US.DUG,surface,BHZ,0.5379567122740183,3.6
6,60,70,-160,US.DUG,surface,BH1,0.8285971926295715,3.6
6,60,70,-160,US.DUG,surface,BH2,0.8991941015164012,3.6
6,60,70,-160,US.ELK,pnl,BHZ,0.9814369381002329,3.0
6,60,70,-160,US.ELK,pnl,BH1,0.9788065489126336,3.0
6,60,70,-160,US.ELK,pnl,BH2,0.9160536930908988,3.0
6,60,70,-160,US.ELK,surface,BHZ,0.82766742109989,4.5
6,60,70,-160,US.ELK,surface,BH1,0.5103139921169525,4.5
6,60,70,-160,US.ELK,surface,BH2,0.9097688375129489,4.5
6,60,70,-160,US.HAWA,pnl,BHZ,0.8645147147139285,4.0
6,60,70,-160,US.HAWA,pnl,BH1,0.9388441759824502,4.0
6,60,70,-160,US.HAWA,pnl,BH2,0.5648856277037001,4.0
6,60,70,-160,US.HAWA,surface,BHZ,0.8663640727530484,5.800000000000001
6,60,70,-160,US.HAWA,surface,BH1,0.813055980235442,5.800000000000001
6,60,70,-160,US.HAWA,surface,BH2,0.8518711889650997,5.800000000000001
6,60,70,-160,US.HWUT,pnl,BHZ,0.9091857868363906,2.9000000000000004
6,60,70,-160,US.HWUT,pnl,BH1,0.836536228757417,2.9000000000000004
6,60,70,-160,US.HWUT,pnl,BH2,0.7159962586305303,2.9000000000000004
6,60,70,-160,US.HWUT,surface,BHZ,0.3996433845756907,5.6000000000000005
6,60,70,-160,US.HWUT,surface,BH1,0.8580760322748847,5.6000000000000005
6,60,70,-160,US.HWUT,surface,BH2,0.8925946177504503,5.6000000000000005
6,60,70,-160,US.MSO,pnl,BHZ,0.9577940680106337,3.5
6,60,70,-160,US.MSO,pnl,BH1,0.9391863389892009,3.5
6,60,70,-160,US.MSO,pnl,BH2,0.7273559385269339,3.5
6,60,70,-160,US.MSO,surface,BHZ,0.8634135783172059,5.4
6,60,70,-160,US.MSO,surface,BH1,0.8655047608138793,5.4
6,60,70,-160,US.MSO,surface,BH2,0.9385907331387783,5.4
6,60,70,-160,US.NEW,pnl,BHZ,0.9431814023913674,2.0
6,60,70,-160,US.NEW,pnl,BH1,0.9144829137961403,2.0
6,60,70,-160,US.NEW,pnl,BH2,-0.6655872342932085,2.0
6,60,70,-160,US.NEW,surface,BHZ,0.7566830684348533,3.5
6,60,70,-160,US.NEW,surface,BH1,0.5845809023652033,3.5
6,60,70,-160,US.NEW,surface,BH2,0.9441721866976779,3.5
6,60,70,-160,US.WVOR,pnl,BHZ,0.9266658030031486,2.0
6,60,70,-160,US.WVOR,pnl,BH1,0.21423163430669634,2.0
6,60,70,-160,US.WVOR,pnl,BH2,0.35207535671140683,2.0
6,60,70,-160,US.WVOR,surface,BHZ,0.7510691404922252,4.1000000000000005
6,60,70,-160,US.WVOR,surface,BH1,0.8152125775671836,4.1000000000000005
6,60,70,-160,US.WVOR,surface,BH2,0.7896335941563591,4.1000000000000005
6,60,60,-170,IW.DLMT,pnl,BHZ,0.2692142917477581,4.4
6,60,60,-170,IW.DLMT,pnl,BH1,0.6399883260796225,4.4
6,60,60,-170,IW.DLMT,pnl,BH2,0.2891549354204145,4.4
6,60,60,-170,IW.DLMT,surface,BHZ,0.7353083942449788,5.5
6,60,60,-170,IW.DLMT,surface,BH1,0.9175804792960218,5.5
6,60,60,-170,IW.DLMT,surface,BH2,0.7434090639884077,5.5
6,60,60,-170,IW.MFID,pnl,BHZ,0.7168700502300006,2.0
6,60,60,-170,IW.MFID,pnl,BH1,0.7822434031651342,2.0
6,60,60,-170,IW.MFID,pnl,BH2,0.9718421568056712,2.0
6,60,60,-170,IW.MFID,surface,BHZ,0.05904680712171299,2.0
6,60,60,-170,IW.MFID,surface,BH1,-0.05075270951606621,2.0
6,60,60,-170,IW.MFID,surface,BH2,0.3090950556045956,2.0
6,60,60,-170,IW.PLID,pnl,BHZ,0.8570472631493666,2.8000000000000003
6,60,60,-170,IW.PLID,pnl,BH1,0.9481161016279701,2.8000000000000003
6,60,60,-170,IW.PLID,pnl,BH2,0.9534672299144397,2.8000000000000003
6,60,60,-170,IW.PLID,surface,BHZ,-0.18878244873474137,2.0
6,60,60,-170,IW.PLID,surface,BH1,0.46656825138581476,2.0
6,60,60,-170,IW.PLID,surface,BH2,0.2629502549973734,2.0
6,60,60,-170,US.BMO,pnl,BHZ,0.9708995907342428,3.3000000000000003
6,60,60,-170,US.BMO,pnl,BH1,0.948612132522458,3.3000000000000003
6,60,60,-170,US.BMO,pnl,BH2,0.28078056095072057,3.3000000000000003
6,60,60,-170,US.BMO,surface,BHZ,0.001535541416075116,2.0
6,60,60,-170,US.BMO,surface,BH1,0.748318855861749,2.0
6,60,60,-170,US.BMO,surface,BH2,0.3734271177899459,2.0
6,60,60,-170,US.BOZ,pnl,BHZ,0.4244396913123205,6.0
6,60,60,-170,US.BOZ,pnl,BH1,-0.38740068323816024,6.0
6,60,60,-170,US.BOZ,pnl,BH2,-0.2872553279501944,6.0
6,60,60,-170,US.BOZ,surface,BHZ,0.8144418801723682,6.0
6,60,60,-170,US.BOZ,surface,BH1,0.9370347475944071,6.0
6,60,60,-170,US.BOZ,surface,BH2,0.7705773496101266,6.0
6,60,60,-170,US.DUG,pnl,BHZ,0.6817343483097343,2.2
6,60,60,-170,US.DUG,pnl,BH1,0.4796203812082152,2.2
6,60,60,-170,US.DUG,pnl,BH2,0.30875679707258896,2.2
6,60,60,-170,US.DUG,surface,BHZ,0.5129458422030098,3.7
6,60,60,-170,US.DUG,surface,BH1,0.8543339921404068,3.7
6,60,60,-170,US.DUG,surface,BH2,0.9030948196485068,3.7
6,60,60,-170,US.ELK,pnl,BHZ,0.9813771875566045,2.8000000000000003
6,60,60,-170,US.ELK,pnl,BH1,0.980388222031356,2.8000000000000003
6,60,60,-170,US.ELK,pnl,BH2,0.9260290749064753,2.8000000000000003
6,60,60,-170,US.ELK,surface,BHZ,0.6689472409118437,5.2
6,60,60,-170,US.ELK,surface,BH1,0.33524630781121395,5.2
6,60,60,-170,US.ELK,surface,BH2,0.8230852819902906,5.2
6,60,60,-170,US.HAWA,pnl,BHZ,0.8695597253931722,3.5
6,60,60,-170,US.HAWA,pnl,BH1,0.9369003358811001,3.5
6,60,60,-170,US.HAWA,pnl,BH2,0.597079027253383,3.5
6,60,60,-170,US.HAWA,surface,BHZ,0.8946579666482702,5.9
6,60,60,-170,US.HAWA,surface,BH1,0.8314997917217807,5.9
6,60,60,-170,US.HAWA,surface,BH2,0.8341791145631275,5.9
6,60,60,-170,US.HWUT,pnl,BHZ,0.9011806839044835,3.1
6,60,60,-170,US.HWUT,pnl,BH1,0.8334761697340537,3.1
6,60,60,-170,US.HWUT,pnl,BH2,0.7100140430636113,3.1
6,60,60,-170,US.HWUT,surface,BHZ,0.4483620558561091,5.4
6,60,60,-170,US.HWUT,surface,BH1,0.8682479281473447,5.4
6,60,60,-170,US.HWUT,surface,BH2,0.8893077423408643,5.4
6,60,60,-170,US.MSO,pnl,BHZ,0.9572054141289541,3.7
6,60,60,-170,US.MSO,pnl,BH1,0.9387677636091579,3.7
6,60,60,-170,US.MSO,pnl,BH2,0.7135812258403423,3.7
6,60,60,-170,US.MSO,surface,BHZ,0.7977218637791874,5.4
6,60,60,-170,US.MSO,surface,BH1,0.9218695573862801,5.4
6,60,60,-170,US.MSO,surface,BH2,0.9232466724094593,5.4
6,60,60,-170,US.NEW,pnl,BHZ,0.9423659828739821,2.3000000000000003
6,60,60,-170,US.NEW,pnl,BH1,0.91111142535103,2.3000000000000003
6,60,60,-170,US.NEW,pnl,BH2,-0.7070909578034117,2.3000000000000003
6,60,60,-170,US.NEW,surface,BHZ,0.591135020550766,3.2
6,60,60,-170,US.NEW,surface,BH1,0.5660234748449423,3.2
6,60,60,-170,US.NEW,surface,BH2,0.9642594649117855,3.2
6,60,60,-170,US.WVOR,pnl,BHZ,0.9066800653098898,2.0
6,60,60,-170,US.WVOR,pnl,BH1,0.2148547474244363,2.0
6,60,60,-170,US.WVOR,pnl,BH2,0.36159276530084195,2.0
6,60,60,-170,US.WVOR,surface,BHZ,0.6631161301714198,4.1000000000000005
6,60,60,-170,US.WVOR,surface,BH1,0.7912705387577883,4.1000000000000005
6,60,60,-170,US.WVOR,surface,BH2,0.7626895689952469,4.1000000000000005
6,60,80,-170,IW.DLMT,pnl,BHZ,0.06071400563722868,4.6000000000000005
6,60,80,-170,IW.DLMT,pnl,BH1,0.6072782858012107,4.6000000000000005
6,60,80,-170,IW.DLMT,pnl,BH2,0.2112090050093667,4.6000000000000005
6,60,80,-170,IW.DLMT,surface,BHZ,0.604118868575719,5.1000000000000005
6,60,80,-170,IW.DLMT,surface,BH1,0.9241098242186716,5.1000000000000005
6,60,80,-170,IW.DLMT,surface,BH2,0.8421236395848276,5.1000000000000005
6,60,80,-170,IW.MFID,pnl,BHZ,0.7036756902068286,2.0
6,60,80,-170,IW.MFID,pnl,BH1,0.8092736108936404,2.0
6,60,80,-170,IW.MFID,pnl,BH2,0.977212131315817,2.0
6,60,80,-170,IW.MFID,surface,BHZ,0.073063483170325,2.0
6,60,80,-170,IW.MFID,surface,BH1,0.03123033929722457,2.0
6,60,80,-170,IW.MFID,surface,BH2,0.3442096654250933,2.0
6,60,80,-170,IW.PLID,pnl,BHZ,0.9468816132800029,2.9000000000000004
6,60,80,-170,IW.PLID,pnl,BH1,0.9341110525174786,2.9000000000000004
6,60,80,-170,IW.PLID,pnl,BH2,0.9653673485541489,2.9000000000000004
6,60,80,-170,IW.PLID,surface,BHZ,-0.18405754588807907,2.0
6,60,80,-170,IW.PLID,surface,BH1,0.5519678003622398,2.0
6,60,80,-170,IW.PLID,surface,BH2,0.13200019535661017,2.0
6,60,80,-170,US.BMO,pnl,BHZ,0.9292585667102572,3.4000000000000004
6,60,80,-170,US.BMO,pnl,BH1,0.9328468388483333,3.4000000000000004
6,60,80,-170,US.BMO,pnl,BH2,0.2146246635492745,3.4000000000000004
6,60,80,-170,US.BMO,surface,BHZ,0.011803013316611856,2.0
6,60,80,-170,US.BMO,surface,BH1,0.7216886283689249,2.0
6,60,80,-170,US.BMO,surface,BH2,0.3798035446734924,2.0
6,60,80,-170,US.BOZ,pnl,BHZ,0.1417541283011001,6.0
6,60,80,-170,US.BOZ,pnl,BH1,-0.4590777866403455,6.0
6,60,80,-170,US.BOZ,pnl,BH2,-0.4681981355727599,6.0
6,60,80,-170,US.BOZ,surface,BHZ,0.7330224104324663,5.7
6,60,80,-170,US.BOZ,surface,BH1,0.9460060797601518,5.7
6,60,80,-170,US.BOZ,surface,BH2,0.7986882022064246,5.7
6,60,80,-170,US.DUG,pnl,BHZ,0.6518732366835824,4.9
6,60,80,-170,US.DUG,pnl,BH1,0.4515495170558454,4.9
6,60,80,-170,US.DUG,pnl,BH2,0.20060290491937,4.9
6,60,80,-170,US.DUG,surface,BHZ,0.519600849988794,3.5
6,60,80,-170,US.DUG,surface,BH1,0.8386466220382244,3.5
6,60,80,-170,US.DUG,surface,BH2,0.886729352608608,3.5
6,60,80,-170,US.ELK,pnl,BHZ,0.9837373878547218,2.9000000000000004
6,60,80,-170,US.ELK,pnl,BH1,0.9830547096510154,2.9000000000000004
6,60,80,-170,US.ELK,pnl,BH2,0.9378639150820031,2.9000000000000004
6,60,80,-170,US.ELK,surface,BHZ,0.8146156870110289,4.6000000000000005
6,60,80,-170,US.ELK,surface,BH1,0.3759939278592789,4.6000000000000005
6,60,80,-170,US.ELK,surface,BH2,0.9120291247355324,4.6000000000000005
6,60,80,-170,US.HAWA,pnl,BHZ,0.8719777663907656,3.2
6,60,80,-170,US.HAWA,pnl,BH1,0.915354296287373,3.2
6,60,80,-170,US.HAWA,pnl,BH2,0.6302340283346455,3.2
6,60,80,-170,US.HAWA,surface,BHZ,0.8956483147941615,6.0
6,60,80,-170,US.HAWA,surface,BH1,0.8383462360397024,6.0
6,60,80,-170,US.HAWA,surface,BH2,0.812035524726906,6.0
6,60,80,-170,US.HWUT,pnl,BHZ,0.8936381491506132,3.3000000000000003
6,60,80,-170,US.HWUT,pnl,BH1,0.8303973023346645,3.3000000000000003
6,60,80,-170,US.HWUT,pnl,BH2,0.7043021824019999,3.3000000000000003
6,60,80,-170,US.HWUT,surface,BHZ,0.5127025409847356,5.300000000000001
6,60,80,-170,US.HWUT,surface,BH1,0.8832109887581937,5.300000000000001
6,60,80,-170,US.HWUT,surface,BH2,0.8972442616503263,5.300000000000001
6,60,80,-170,US.MSO,pnl,BHZ,0.9569089917460744,3.4000000000000004
6,60,80,-170,US.MSO,pnl,BH1,0.933524999215417,3.4000000000000004
6,60,80,-170,US.MSO,pnl,BH2,0.7440828994582328,3.4000000000000004
6,60,80,-170,US.MSO,surface,BHZ,0.7919388694694615,5.5
6,60,80,-170,US.MSO,surface,BH1,0.8293685310618302,5.5
6,60,80,-170,US.MSO,surface,BH2,0.9391484622374517,5.5
6,60,80,-170,US.NEW,pnl,BHZ,0.9497469879197112,2.2
6,60,80,-170,US.NEW,pnl,BH1,0.9219631074213974,2.2
6,60,80,-170,US.NEW,pnl,BH2,-0.7500839457493428,2.2
6,60,80,-170,US.NEW,surface,BHZ,0.725835241390442,3.3000000000000003
6,60,80,-170,US.NEW,surface,BH1,0.5986643678072555,3.3000000000000003
6,60,80,-170,US.NEW,surface,BH2,0.949924266609085,3.3000000000000003
6,60,80,-170,US.WVOR,pnl,BHZ,0.927343301382885,2.1
6,60,80,-170,US.WVOR,pnl,BH1,0.1749631226456538,2.1
6,60,80,-170,US.WVOR,pnl,BH2,0.336909290968499,2.1
6,60,80,-170,US.WVOR,surface,BHZ,0.7075019715306284,4.0
6,60,80,-170,US.WVOR,surface,BH1,0.8091484227093715,4.0
6,60,80,-170,US.WVOR,surface,BH2,0.8034505482061569,4.0
6,70,50,-160,IW.DLMT,pnl,BHZ,0.8050906579999659,2.7
6,70,50,-160,IW.DLMT,pnl,BH1,0.7292947859518103,2.7
6,70,50,-160,IW.DLMT,pnl,BH2,0.5989103111618815,2.7
6,70,50,-160,IW.DLMT,surface,BHZ,0.797606278949568,5.6000000000000005
6,70,50,-160,IW.DLMT,surface,BH1,0.9102187831450909,5.6000000000000005
6,70,50,-160,IW.DLMT,surface,BH2,0.7092937138972157,5.6000000000000005
6,70,50,-160,IW.MFID,pnl,BHZ,0.7836093968560621,2.0
6,70,50,-160,IW.MFID,pnl,BH1,0.8217460877810131,2.0
6,70,50,-160,IW.MFID,pnl,BH2,0.9720976157497436,2.0
6,70,50,-160,IW.MFID,surface,BHZ,0.041673075343899704,2.0
6,70,50,-160,IW.MFID,surface,BH1,-0.07830811554342902,2.0
6,70,50,-160,IW.MFID,surface,BH2,0.2976485451922402,2.0
6,70,50,-160,IW.PLID,pnl,BHZ,0.8628871894909619,2.9000000000000004
6,70,50,-160,IW.PLID,pnl,BH1,0.9454020017958266,2.9000000000000004
6,70,50,-160,IW.PLID,pnl,BH2,0.9753795511216197,2.9000000000000004
6,70,50,-160,IW.PLID,surface,BHZ,-0.19224815724425437,2.0
6,70,50,-160,IW.PLID,surface,BH1,0.4413998050982836,2.0
6,70,50,-160,IW.PLID,surface,BH2,0.2861201675351821,2.0
6,70,50,-160,US.BMO,pnl,BHZ,0.9519867486691557,3.3000000000000003
6,70,50,-160,US.BMO,pnl,BH1,0.9419788247750962,3.3000000000000003
6,70,50,-160,US.BMO,pnl,BH2,0.5440432005562947,3.3000000000000003
6,70,50,-160,US.BMO,surface,BHZ,-0.015748989369278408,2.0
6,70,50,-160,US.BMO,surface,BH1,0.7209184276706407,2.0
6,70,50,-160,US.BMO,surface,BH2,0.38419850738507494,2.0
6,70,50,-160,US.BOZ,pnl,BHZ,0.7973329005764673,5.7
6,70,50,-160,US.BOZ,pnl,BH1,-0.07523709234215206,5.7
6,70,50,-160,US.BOZ,pnl,BH2,0.6160200313607689,5.7
6,70,50,-160,US.BOZ,surface,BHZ,0.8265000264134349,6.0
6,70,50,-160,US.BOZ,surface,BH1,0.9348843929837704,6.0
6,70,50,-160,US.BOZ,surface,BH2,0.7543421390692185,6.0
6,70,50,-160,US.DUG,pnl,BHZ,0.6843283396660921,2.3000000000000003
6,70,50,-160,US.DUG,pnl,BH1,0.4732222057129247,2.3000000000000003
6,70,50,-160,US.DUG,pnl,BH2,0.3048571073153439,2.3000000000000003
6,70,50,-160,US.DUG,surface,BHZ,0.44733972567607677,3.2
6,70,50,-160,US.DUG,surface,BH1,0.8067387973992698,3.2
6,70,50,-160,US.DUG,surface,BH2,0.8730425089702178,3.2
6,70,50,-160,US.ELK,pnl,BHZ,0.9839354148256888,2.7
6,70,50,-160,US.ELK,pnl,BH1,0.9852141206574858,2.7
6,70,50,-160,US.ELK,pnl,BH2,0.9274981232916912,2.7
6,70,50,-160,US.ELK,surface,BHZ,0.6823140928941643,4.9
6,70,50,-160,US.ELK,surface,BH1,0.2418864261263727,4.9
6,70,50,-160,US.ELK,surface,BH2,0.8615260088792764,4.9
6,70,50,-160,US.HAWA,pnl,BHZ,0.8441725305587678,4.3
6,70,50,-160,US.HAWA,pnl,BH1,0.9342281086587574,4.3
6,70,50,-160,US.HAWA,pnl,BH2,0.5878313543385385,4.3
6,70,50,-160,US.HAWA,surface,BHZ,0.8712712391610545,5.9
6,70,50,-160,US.HAWA,surface,BH1,0.7959942897689795,5.9
6,70,50,-160,US.HAWA,surface,BH2,0.8753383822037691,5.9
6,70,50,-160,US.HWUT,pnl,BHZ,0.9140080997913443,2.7
6,70,50,-160,US.HWUT,pnl,BH1,0.8435243040560898,2.7
6,70,50,-160,US.HWUT,pnl,BH2,0.7294963800522856,2.7
6,70,50,-160,US.HWUT,surface,BHZ,0.39160176137907754,5.5
6,70,50,-160,US.HWUT,surface,BH1,0.8168937951720667,5.5
6,70,50,-160,US.HWUT,surface,BH2,0.8740554394243802,5.5
6,70,50,-160,US.MSO,pnl,BHZ,0.9550227448420063,3.8000000000000003
6,70,50,-160,US.MSO,pnl,BH1,0.9757821490169887,3.8000000000000003
6,70,50,-160,US.MSO,pnl,BH2,0.8408382327634989,3.8000000000000003
6,70,50,-160,US.MSO,surface,BHZ,0.8152700071482007,5.4
6,70,50,-160,US.MSO,surface,BH1,0.8540601904139379,5.4
6,70,50,-160,US.MSO,surface,BH2,0.8760402480484206,5.4
6,70,50,-160,US.NEW,pnl,BHZ,0.9400342361713375,2.2
6,70,50,-160,US.NEW,pnl,BH1,0.9098257340203294,2.2
6,70,50,-160,US.NEW,pnl,BH2,-0.7056108469780942,2.2
6,70,50,-160,US.NEW,surface,BHZ,0.6701736255229148,3.4000000000000004
6,70,50,-160,US.NEW,surface,BH1,0.5960078986109617,3.4000000000000004
6,70,50,-160,US.NEW,surface,BH2,0.9588755828165504,3.4000000000000004
6,70,50,-160,US.WVOR,pnl,BHZ,0.9185037861089818,2.0
6,70,50,-160,US.WVOR,pnl,BH1,0.40221715455783713,2.0
6,70,50,-160,US.WVOR,pnl,BH2,0.4180580403274234,2.0
6,70,50,-160,US.WVOR,surface,BHZ,0.6899361236939401,4.2
6,70,50,-160,US.WVOR,surface,BH1,0.7462586512626221,4.2
6,70,50,-160,US.WVOR,surface,BH2,0.7357402969944099,4.2
6,60,60,-180,IW.DLMT,pnl,BHZ,0.3074783764296179,5.0
6,60,60,-180,IW.DLMT,pnl,BH1,0.5761560431034926,5.0
6,60,60,-180,IW.DLMT,pnl,BH2,0.24033781789300587,5.0
6,60,60,-180,IW.DLMT,surface,BHZ,0.7056072240957542,5.5
6,60,60,-180,IW.DLMT,surface,BH1,0.9204906351413501,5.5
6,60,60,-180,IW.DLMT,surface,BH2,0.7453360120187671,5.5
6,60,60,-180,IW.MFID,pnl,BHZ,0.5849724184568489,2.0
6,60,60,-180,IW.MFID,pnl,BH1,0.7397330079212638,2.0
6,60,60,-180,IW.MFID,pnl,BH2,0.9699967630841865,2.0
6,60,60,-180,IW.MFID,surface,BHZ,0.06301653298414256,2.0
6,60,60,-180,IW.MFID,surface,BH1,-0.11015703263473914,2.0
6,60,60,-180,IW.MFID,surface,BH2,0.3258002162119442,2.0
6,60,60,-180,IW.PLID,pnl,BHZ,0.7734756391338281,2.8000000000000003
6,60,60,-180,IW.PLID,pnl,BH1,0.9286063849910627,2.8000000000000003
6,60,60,-180,IW.PLID,pnl,BH2,0.9669926713419404,2.8000000000000003
6,60,60,-180,IW.PLID,surface,BHZ,-0.1742056524817659,2.0
6,60,60,-180,IW.PLID,surface,BH1,0.4240048982080789,2.0
6,60,60,-180,IW.PLID,surface,BH2,0.27795197038552005,2.0
6,60,60,-180,US.BMO,pnl,BHZ,0.9417480305620552,3.3000000000000003
6,60,60,-180,US.BMO,pnl,BH1,0.9417059253904022,3.3000000000000003
6,60,60,-180,US.BMO,pnl,BH2,0.2594751485405275,3.3000000000000003
6,60,60,-180,US.BMO,surface,BHZ,0.01650792487983257,2.0
6,60,60,-180,US.BMO,surface,BH1,0.7607368666634432,2.0
6,60,60,-180,US.BMO,surface,BH2,0.3774509455471712,2.0
6,60,60,-180,US.BOZ,pnl,BHZ,0.34998516431717425,6.0
6,60,60,-180,US.BOZ,pnl,BH1,-0.4061900731502249,6.0
6,60,60,-180,US.BOZ,pnl,BH2,-0.3252969320903868,6.0
6,60,60,-180,US.BOZ,surface,BHZ,0.7861048315600199,6.0
6,60,60,-180,US.BOZ,surface,BH1,0.9407068050530567,6.0
6,60,60,-180,US.BOZ,surface,BH2,0.759253067751026,6.0
6,60,60,-180,US.DUG,pnl,BHZ,0.18321526752825107,6.0
6,60,60,-180,US.DUG,pnl,BH1,0.36235122523097646,6.0
6,60,60,-180,US.DUG,pnl,BH2,-0.1291137100539086,6.0
6,60,60,-180,US.DUG,surface,BHZ,0.2684295482160769,2.7
6,60,60,-180,US.DUG,surface,BH1,0.7786730637317526,2.7
6,60,60,-180,US.DUG,surface,BH2,0.7968400805781709,2.7
6,60,60,-180,US.ELK,pnl,BHZ,0.9851399225625425,2.5
6,60,60,-180,US.ELK,pnl,BH1,0.9872748626243827,2.5
6,60,60,-180,US.ELK,pnl,BH2,0.9410365077638417,2.5
6,60,60,-180,US.ELK,surface,BHZ,0.5054617029552358,5.6000000000000005
6,60,60,-180,US.ELK,surface,BH1,0.15678090062081995,5.6000000000000005
6,60,60,-180,US.ELK,surface,BH2,0.7536606842735992,5.6000000000000005
6,60,60,-180,US.HAWA,pnl,BHZ,0.8631555464228368,3.2
6,60,60,-180,US.HAWA,pnl,BH1,0.9101887207706867,3.2
6,60,60,-180,US.HAWA,pnl,BH2,0.637962048393987,3.2
6,60,60,-180,US.HAWA,surface,BHZ,0.8824973425462184,6.0
6,60,60,-180,US.HAWA,surface,BH1,0.8477091686043415,6.0
6,60,60,-180,US.HAWA,surface,BH2,0.8128996892090592,6.0
6,60,60,-180,US.HWUT,pnl,BHZ,0.8950308583870994,3.4000000000000004
6,60,60,-180,US.HWUT,pnl,BH1,0.82938940897447,3.4000000000000004
6,60,60,-180,US.HWUT,pnl,BH2,0.7014368824484112,3.4000000000000004
6,60,60,-180,US.HWUT,surface,BHZ,0.5233281786376427,5.2
6,60,60,-180,US.HWUT,surface,BH1,0.878603798935102,5.2
6,60,60,-180,US.HWUT,surface,BH2,0.8829519083916736,5.2
6,60,60,-180,US.MSO,pnl,BHZ,0.9510398228394027,3.8000000000000003
6,60,60,-180,US.MSO,pnl,BH1,0.9362370569592742,3.8000000000000003
6,60,60,-180,US.MSO,pnl,BH2,0.7115805428783373,3.8000000000000003
6,60,60,-180,US.MSO,surface,BHZ,0.7675397707511972,5.5
6,60,60,-180,US.MSO,surface,BH1,0.9147044283342488,5.5
6,60,60,-180,US.MSO,surface,BH2,0.9052461455935422,5.5
6,60,60,-180,US.NEW,pnl,BHZ,0.944494512848393,2.7
6,60,60,-180,US.NEW,pnl,BH1,0.9139974782991563,2.7
6,60,60,-180,US.NEW,pnl,BH2,-0.7938740241293946,2.7
6,60,60,-180,US.NEW,surface,BHZ,0.41287758404193015,2.7
6,60,60,-180,US.NEW,surface,BH1,0.509019090701254,2.7
6,60,60,-180,US.NEW,surface,BH2,0.9628389054889114,2.7
6,60,60,-180,US.WVOR,pnl,BHZ,0.8879909946077249,2.0
6,60,60,-180,US.WVOR,pnl,BH1,0.192657043487207,2.0
6,60,60,-180,US.WVOR,pnl,BH2,0.35613138224464547,2.0
6,60,60,-180,US.WVOR,surface,BHZ,0.6384305202299465,4.1000000000000005
6,60,60,-180,US.WVOR,surface,BH1,0.7758535219077406,4.1000000000000005
6,60,60,-180,US.WVOR,surface,BH2,0.7641871842852862,4.1000000000000005
6,70,60,-160,IW.DLMT,pnl,BHZ,0.8359297473105832,2.4000000000000004
6,70,60,-160,IW.DLMT,pnl,BH1,0.7229904935118924,2.4000000000000004
6,70,60,-160,IW.DLMT,pnl,BH2,0.5944695155744065,2.4000000000000004
6,70,60,-160,IW.DLMT,surface,BHZ,0.7848139265640554,5.5
6,70,60,-160,IW.DLMT,surface,BH1,0.9056228984543188,5.5
6,70,60,-160,IW.DLMT,surface,BH2,0.7749135968881332,5.5
6,70,60,-160,IW.MFID,pnl,BHZ,0.7672810478546044,2.0
6,70,60,-160,IW.MFID,pnl,BH1,0.8394548264370771,2.0
6,70,60,-160,IW.MFID,pnl,BH2,0.9755133926882866,2.0
6,70,60,-160,IW.MFID,surface,BHZ,0.057230968441382354,2.0
6,70,60,-160,IW.MFID,surface,BH1,-0.013961441808955121,2.0
6,70,60,-160,IW.MFID,surface,BH2,0.31835607131863214,2.0
6,70,60,-160,IW.PLID,pnl,BHZ,0.9541649192872057,2.9000000000000004
6,70,60,-160,IW.PLID,pnl,BH1,0.963682152004655,2.9000000000000004
6,70,60,-160,IW.PLID,pnl,BH2,0.9731490005002986,2.9000000000000004
6,70,60,-160,IW.PLID,surface,BHZ,-0.19210274356732765,2.0
6,70,60,-160,IW.PLID,surface,BH1,0.5230974172029151,2.0
6,70,60,-160,IW.PLID,surface,BH2,0.2764127053479706,2.0
6,70,60,-160,US.BMO,pnl,BHZ,0.9660509168934226,3.3000000000000003
6,70,60,-160,US.BMO,pnl,BH1,0.9365847276203039,3.3000000000000003
6,70,60,-160,US.BMO,pnl,BH2,0.5215598610178797,3.3000000000000003
6,70,60,-160,US.BMO,surface,BHZ,-0.009543567799608478,2.0
6,70,60,-160,US.BMO,surface,BH1,0.6996178663810396,2.0
6,70,60,-160,US.BMO,surface,BH2,0.3920747070676555,2.0
6,70,60,-160,US.BOZ,pnl,BHZ,0.8037091838197735,5.1000000000000005
6,70,60,-160,US.BOZ,pnl,BH1,-0.15870699839457877,5.1000000000000005
6,70,60,-160,US.BOZ,pnl,BH2,0.5991410405038751,5.1000000000000005
6,70,60,-160,US.BOZ,surface,BHZ,0.8316051912137519,6.0
6,70,60,-160,US.BOZ,surface,BH1,0.9283662924038639,6.0
6,70,60,-160,US.BOZ,surface,BH2,0.7858934979938221,6.0
6,70,60,-160,US.DUG,pnl,BHZ,0.6470674300963071,3.9000000000000004
6,70,60,-160,US.DUG,pnl,BH1,0.446542589271106,3.9000000000000004
6,70,60,-160,US.DUG,pnl,BH2,0.3142997896178654,3.9000000000000004
6,70,60,-160,US.DUG,surface,BHZ,0.4734697616511871,3.2
6,70,60,-160,US.DUG,surface,BH1,0.7951622927324878,3.2
6,70,60,-160,US.DUG,surface,BH2,0.8677590967800034,3.2
6,70,60,-160,US.ELK,pnl,BHZ,0.9849755549831474,2.8000000000000003
6,70,60,-160,US.ELK,pnl,BH1,0.9858792807477267,2.8000000000000003
6,70,60,-160,US.ELK,pnl,BH2,0.9397328863529819,2.8000000000000003
6,70,60,-160,US.ELK,surface,BHZ,0.821647210788864,4.4
6,70,60,-160,US.ELK,surface,BH1,0.2901623880221882,4.4
6,70,60,-160,US.ELK,surface,BH2,0.9168250411856541,4.4
6,70,60,-160,US.HAWA,pnl,BHZ,0.8560508008902211,3.9000000000000004
6,70,60,-160,US.HAWA,pnl,BH1,0.9252521245335636,3.9000000000000004
6,70,60,-160,US.HAWA,pnl,BH2,0.6302464856184363,3.9000000000000004
6,70,60,-160,US.HAWA,surface,BHZ,0.8814564084229668,5.9
6,70,60,-160,US.HAWA,surface,BH1,0.7936218680486444,5.9
6,70,60,-160,US.HAWA,surface,BH2,0.8740561074340487,5.9
6,70,60,-160,US.HWUT,pnl,BHZ,0.907468684472956,2.9000000000000004
6,70,60,-160,US.HWUT,pnl,BH1,0.8403311549691936,2.9000000000000004
6,70,60,-160,US.HWUT,pnl,BH2,0.7223962171309181,2.9000000000000004
6,70,60,-160,US.HWUT,surface,BHZ,0.4146026198920671,5.5
6,70,60,-160,US.HWUT,surface,BH1,0.8244671551959413,5.5
6,70,60,-160,US.HWUT,surface,BH2,0.8799905151802855,5.5
6,70,60,-160,US.MSO,pnl,BHZ,0.9566768325544164,3.6
6,70,60,-160,US.MSO,pnl,BH1,0.9717846991098376,3.6
6,70,60,-160,US.MSO,pnl,BH2,0.8570979062445945,3.6
6,70,60,-160,US.MSO,surface,BHZ,0.8693622955902485,5.4
6,70,60,-160,US.MSO,surface,BH1,0.8468272718552732,5.4
6,70,60,-160,US.MSO,surface,BH2,0.9070441600384607,5.4
6,70,60,-160,US.NEW,pnl,BHZ,0.9472203031351232,2.2
6,70,60,-160,US.NEW,pnl,BH1,0.922461422837896,2.2
6,70,60,-160,US.NEW,pnl,BH2,-0.7420945551393593,2.2
6,70,60,-160,US.NEW,surface,BHZ,0.7801285881306167,3.5
6,70,60,-160,US.NEW,surface,BH1,0.6012722574442465,3.5
6,70,60,-160,US.NEW,surface,BH2,0.9457482842771202,3.5
6,70,60,-160,US.WVOR,pnl,BHZ,0.9294317510593357,2.1
6,70,60,-160,US.WVOR,pnl,BH1,0.388401683715221,2.1
6,70,60,-160,US.WVOR,pnl,BH2,0.4084885002688064,2.1
6,70,60,-160,US.WVOR,surface,BHZ,0.7467398063084635,4.1000000000000005
6,70,60,-160,US.WVOR,surface,BH1,0.7820995680426222,4.1000000000000005
6,70,60,-160,US.WVOR,surface,BH2,0.7683693349291393,4.1000000000000005
6,50,80,-180,IW.DLMT,pnl,BHZ,0.220241125988479,6.0
6,50,80,-180,IW.DLMT,pnl,BH1,0.41678924050525024,6.0
6,50,80,-180,IW.DLMT,pnl,BH2,0.09414394334832214,6.0
6,50,80,-180,IW.DLMT,surface,BHZ,0.4034810817046139,4.7
6,50,80,-180,IW.DLMT,surface,BH1,0.9362361458700243,4.7
6,50,80,-180,IW.DLMT,surface,BH2,0.8383978319596405,4.7
6,50,80,-180,IW.MFID,pnl,BHZ,0.6839178615315902,2.0
6,50,80,-180,IW.MFID,pnl,BH1,0.7245888223072465,2.0
6,50,80,-180,IW.MFID,pnl,BH2,0.9743506452074671,2.0
6,50,80,-180,IW.MFID,surface,BHZ,0.07136125943095573,2.0
6,50,80,-180,IW.MFID,surface,BH1,-0.0009799755196356658,2.0
6,50,80,-180,IW.MFID,surface,BH2,0.3289358500820161,2.0
6,50,80,-180,IW.PLID,pnl,BHZ,0.9104546099415256,2.0
6,50,80,-180,IW.PLID,pnl,BH1,0.9519137254183382,2.0
6,50,80,-180,IW.PLID,pnl,BH2,-0.5709637648280808,2.0
6,50,80,-180,IW.PLID,surface,BHZ,-0.1735782512075577,2.0
6,50,80,-180,IW.PLID,surface,BH1,0.5149702012660904,2.0
6,50,80,-180,IW.PLID,surface,BH2,0.0655933792427604,2.0
6,50,80,-180,US.BMO,pnl,BHZ,0.821036098638394,3.6
6,50,80,-180,US.BMO,pnl,BH1,0.9149762189786895,3.6
6,50,80,-180,US.BMO,pnl,BH2,0.024760463353765225,3.6
6,50,80,-180,US.BMO,surface,BHZ,0.019208463384430333,2.0
6,50,80,-180,US.BMO,surface,BH1,0.7660734847041414,2.0
6,50,80,-180,US.BMO,surface,BH2,0.25784705010450826,2.0
6,50,80,-180,US.BOZ,pnl,BHZ,0.03561623494459975,6.0
6,50,80,-180,US.BOZ,pnl,BH1,-0.5108323247256331,6.0
6,50,80,-180,US.BOZ,pnl,BH2,-0.45732325753677006,6.0
6,50,80,-180,US.BOZ,surface,BHZ,0.5587444725333223,5.4
6,50,80,-180,US.BOZ,surface,BH1,0.9578758528575233,5.4
6,50,80,-180,US.BOZ,surface,BH2,0.802938428600216,5.4
6,50,80,-180,US.DUG,pnl,BHZ,0.6666427302532658,2.0
6,50,80,-180,US.DUG,pnl,BH1,0.5356676746917228,2.0
6,50,80,-180,US.DUG,pnl,BH2,0.3049132717818626,2.0
6,50,80,-180,US.DUG,surface,BHZ,0.537657234143089,4.9
6,50,80,-180,US.DUG,surface,BH1,0.8477965970610749,4.9
6,50,80,-180,US.DUG,surface,BH2,0.8772541491930933,4.9
6,50,80,-180,US.ELK,pnl,BHZ,0.9790206472983173,2.9000000000000004
6,50,80,-180,US.ELK,pnl,BH1,0.9755013796476548,2.9000000000000004
6,50,80,-180,US.ELK,pnl,BH2,0.8934322802036501,2.9000000000000004
6,50,80,-180,US.ELK,surface,BHZ,0.7077115002624037,5.300000000000001
6,50,80,-180,US.ELK,surface,BH1,0.5203565163825441,5.300000000000001
6,50,80,-180,US.ELK,surface,BH2,0.8298522724249743,5.300000000000001
6,50,80,-180,US.HAWA,pnl,BHZ,0.8753114291847107,2.9000000000000004
6,50,80,-180,US.HAWA,pnl,BH1,0.9383416131988881,2.9000000000000004
6,50,80,-180,US.HAWA,pnl,BH2,0.5521396850870679,2.9000000000000004
6,50,80,-180,US.HAWA,surface,BHZ,0.7565099457734951,6.0
6,50,80,-180,US.HAWA,surface,BH1,0.8562477612121502,6.0
6,50,80,-180,US.HAWA,surface,BH2,0.758169186206536,6.0
6,50,80,-180,US.HWUT,pnl,BHZ,0.8883386130239732,3.6
6,50,80,-180,US.HWUT,pnl,BH1,0.8124037690686107,3.6
6,50,80,-180,US.HWUT,pnl,BH2,0.6864043385540718,3.6
6,50,80,-180,US.HWUT,surface,BHZ,0.5866779888800595,5.0
6,50,80,-180,US.HWUT,surface,BH1,0.8926045109057257,5.0
6,50,80,-180,US.HWUT,surface,BH2,0.8799646557157845,5.0
6,50,80,-180,US.MSO,pnl,BHZ,0.9568045312182514,3.5
6,50,80,-180,US.MSO,pnl,BH1,0.7962064519815438,3.5
6,50,80,-180,US.MSO,pnl,BH2,0.5521888436424875,3.5
6,50,80,-180,US.MSO,surface,BHZ,0.8273462552399443,5.5
6,50,80,-180,US.MSO,surface,BH1,0.863155602861685,5.5
6,50,80,-180,US.MSO,surface,BH2,0.9419567169429239,5.5
6,50,80,-180,US.NEW,pnl,BHZ,0.9398889511473458,2.2
6,50,80,-180,US.NEW,pnl,BH1,0.9064539052325132,2.2
6,50,80,-180,US.NEW,pnl,BH2,-0.648861280154381,2.2
6,50,80,-180,US.NEW,surface,BHZ,0.5955720543928036,3.1
6,50,80,-180,US.NEW,surface,BH1,0.510427001473069,3.1
6,50,80,-180,US.NEW,surface,BH2,0.9591636561265047,3.1
6,50,80,-180,US.WVOR,pnl,BHZ,0.8977674693979948,2.0
6,50,80,-180,US.WVOR,pnl,BH1,0.01777509927424601,2.0
6,50,80,-180,US.WVOR,pnl,BH2,0.2831110719425143,2.0
6,50,80,-180,US.WVOR,surface,BHZ,0.6663790926333301,4.0
6,50,80,-180,US.WVOR,surface,BH1,0.8240476063240643,4.0
6,50,80,-180,US.WVOR,surface,BH2,0.7916057826852773,4.0
6,60,90,-180,IW.DLMT,pnl,BHZ,-0.02790623783419089,5.0
6,60,90,-180,IW.DLMT,pnl,BH1,0.5669416435281049,5.0
6,60,90,-180,IW.DLMT,pnl,BH2,0.15992328852102858,5.0
6,60,90,-180,IW.DLMT,surface,BHZ,0.25636332771700915,4.0
6,60,90,-180,IW.DLMT,surface,BH1,0.8882899461116261,4.0
6,60,90,-180,IW.DLMT,surface,BH2,0.8432511733651945,4.0
6,60,90,-180,IW.MFID,pnl,BHZ,0.7045364499054224,2.0
6,60,90,-180,IW.MFID,pnl,BH1,0.7910200084661673,2.0
6,60,90,-180,IW.MFID,pnl,BH2,0.9772483713234736,2.0
6,60,90,-180,IW.MFID,surface,BHZ,0.07343340125767998,2.0
6,60,90,-180,IW.MFID,surface,BH1,0.006873584924819048,2.0
6,60,90,-180,IW.MFID,surface,BH2,0.3678896177719273,2.0
6,60,90,-180,IW.PLID,pnl,BHZ,0.9403007186767944,2.8000000000000003
6,60,90,-180,IW.PLID,pnl,BH1,0.9396828629252312,2.8000000000000003
6,60,90,-180,IW.PLID,pnl,BH2,0.9597479037481874,2.8000000000000003
6,60,90,-180,IW.PLID,surface,BHZ,-0.13006691008820218,4.800000000000001
6,60,90,-180,IW.PLID,surface,BH1,0.47171786769032265,4.800000000000001
6,60,90,-180,IW.PLID,surface,BH2,-0.07616392460296043,4.800000000000001
6,60,90,-180,US.BMO,pnl,BHZ,0.7582365810526566,3.9000000000000004
6,60,90,-180,US.BMO,pnl,BH1,0.8567819238253308,3.9000000000000004
6,60,90,-180,US.BMO,pnl,BH2,0.09376724092895747,3.9000000000000004
6,60,90,-180,US.BMO,surface,BHZ,0.020790827355063813,2.0
6,60,90,-180,US.BMO,surface,BH1,0.7326625653542075,2.0
6,60,90,-180,US.BMO,surface,BH2,0.34908743807087506,2.0
6,60,90,-180,US.BOZ,pnl,BHZ,-0.033751047496768785,6.0
6,60,90,-180,US.BOZ,pnl,BH1,-0.5076320774525717,6.0
6,60,90,-180,US.BOZ,pnl,BH2,-0.5417250715147768,6.0
6,60,90,-180,US.BOZ,surface,BHZ,0.3841465087633827,4.6000000000000005
6,60,90,-180,US.BOZ,surface,BH1,0.9073688410668834,4.6000000000000005
6,60,90,-180,US.BOZ,surface,BH2,0.8081162196624284,4.6000000000000005
6,60,90,-180,US.DUG,pnl,BHZ,0.08331625365352133,6.0
6,60,90,-180,US.DUG,pnl,BH1,0.3050048860595478,6.0
6,60,90,-180,US.DUG,pnl,BH2,-0.0986948738371215,6.0
6,60,90,-180,US.DUG,surface,BHZ,-0.19213559581157708,3.0
6,60,90,-180,US.DUG,surface,BH1,0.8008064555576915,3.0
6,60,90,-180,US.DUG,surface,BH2,0.8208928980243656,3.0
6,60,90,-180,US.ELK,pnl,BHZ,0.9856417744685156,2.7
6,60,90,-180,US.ELK,pnl,BH1,0.9865671373542372,2.7
6,60,90,-180,US.ELK,pnl,BH2,0.9369724199586693,2.7
6,60,90,-180,US.ELK,surface,BHZ,0.7709409970313985,5.0
6,60,90,-180,US.ELK,surface,BH1,0.2717770089875428,5.0
6,60,90,-180,US.ELK,surface,BH2,0.8850381685799801,5.0
6,60,90,-180,US.HAWA,pnl,BHZ,0.8681404182362865,2.9000000000000004
6,60,90,-180,US.HAWA,pnl,BH1,0.9032598377302418,2.9000000000000004
6,60,90,-180,US.HAWA,pnl,BH2,0.6400664582666317,2.9000000000000004
6,60,90,-180,US.HAWA,surface,BHZ,0.6421013995059466,6.0
6,60,90,-180,US.HAWA,surface,BH1,0.8695628778141584,6.0
6,60,90,-180,US.HAWA,surface,BH2,0.7371066299600183,6.0
6,60,90,-180,US.HWUT,pnl,BHZ,0.8850602710388265,3.7
6,60,90,-180,US.HWUT,pnl,BH1,0.821101648802631,3.7
6,60,90,-180,US.HWUT,pnl,BH2,0.6934861583775763,3.7
6,60,90,-180,US.HWUT,surface,BHZ,0.5863156625962691,4.9
6,60,90,-180,US.HWUT,surface,BH1,0.8843850737257863,4.9
6,60,90,-180,US.HWUT,surface,BH2,0.8790610102531363,4.9
6,60,90,-180,US.MSO,pnl,BHZ,0.9537125051704797,3.4000000000000004
6,60,90,-180,US.MSO,pnl,BH1,0.9340681556323447,3.4000000000000004
6,60,90,-180,US.MSO,pnl,BH2,0.7609296056507863,3.4000000000000004
6,60,90,-180,US.MSO,surface,BHZ,0.7285917896365424,5.7
6,60,90,-180,US.MSO,surface,BH1,0.791363375802834,5.7
6,60,90,-180,US.MSO,surface,BH2,0.9353500129223147,5.7
6,60,90,-180,US.NEW,pnl,BHZ,0.9513974362828814,2.5
6,60,90,-180,US.NEW,pnl,BH1,0.9252562245095927,2.5
6,60,90,-180,US.NEW,pnl,BH2,-0.7919037692997637,2.5
6,60,90,-180,US.NEW,surface,BHZ,0.6633047954008893,3.0
6,60,90,-180,US.NEW,surface,BH1,0.5984431732646432,3.0
6,60,90,-180,US.NEW,surface,BH2,0.9588008214640856,3.0
6,60,90,-180,US.WVOR,pnl,BHZ,0.9290872064047806,2.2
6,60,90,-180,US.WVOR,pnl,BH1,0.14865121769315365,2.2
6,60,90,-180,US.WVOR,pnl,BH2,0.326029433483272,2.2
6,60,90,-180,US.WVOR,surface,BHZ,0.5194527836856823,3.8000000000000003
6,60,90,-180,US.WVOR,surface,BH1,0.7970094050851191,3.8000000000000003
6,60,90,-180,US.WVOR,surface,BH2,0.8038626070752876,3.8000000000000003
6,70,50,-170,IW.DLMT,pnl,BHZ,0.7404041805692411,3.0
6,70,50,-170,IW.DLMT,pnl,BH1,0.7280712831822344,3.0
6,70,50,-170,IW.DLMT,pnl,BH2,0.5392172346967268,3.0
6,70,50,-170,IW.DLMT,surface,BHZ,0.7689917910231823,5.6000000000000005
6,70,50,-170,IW.DLMT,surface,BH1,0.9132831056629818,5.6000000000000005
6,70,50,-170,IW.DLMT,surface,BH2,0.6981759275941296,5.6000000000000005
6,70,50,-170,IW.MFID,pnl,BHZ,0.7212120191913206,2.0
6,70,50,-170,IW.MFID,pnl,BH1,0.8051063781874666,2.0
6,70,50,-170,IW.MFID,pnl,BH2,0.9704723077200507,2.0
6,70,50,-170,IW.MFID,surface,BHZ,0.0428769526927725,2.0
6,70,50,-170,IW.MFID,surface,BH1,-0.10890661131439677,2.0
6,70,50,-170,IW.MFID,surface,BH2,0.3119053786521548,2.0
6,70,50,-170,IW.PLID,pnl,BHZ,0.7939232271244876,2.9000000000000004
6,70,50,-170,IW.PLID,pnl,BH1,0.9268683098815124,2.9000000000000004
6,70,50,-170,IW.PLID,pnl,BH2,0.9748432960277479,2.9000000000000004
6,70,50,-170,IW.PLID,surface,BHZ,-0.19013574139488587,2.0
6,70,50,-170,IW.PLID,surface,BH1,0.4129645628177488,2.0
6,70,50,-170,IW.PLID,surface,BH2,0.2993885311246083,2.0
6,70,50,-170,US.BMO,pnl,BHZ,0.9683192142140791,3.3000000000000003
6,70,50,-170,US.BMO,pnl,BH1,0.9192965402698776,3.3000000000000003
6,70,50,-170,US.BMO,pnl,BH2,0.5282757662206015,3.3000000000000003
6,70,50,-170,US.BMO,surface,BHZ,0.0007811646286111972,2.0
6,70,50,-170,US.BMO,surface,BH1,0.724420232633132,2.0
6,70,50,-170,US.BMO,surface,BH2,0.39281495120611026,2.0
6,70,50,-170,US.BOZ,pnl,BHZ,0.8829370966257711,6.0
6,70,50,-170,US.BOZ,pnl,BH1,-0.10737237087242871,6.0
6,70,50,-170,US.BOZ,pnl,BH2,0.5614543121207245,6.0
6,70,50,-170,US.BOZ,surface,BHZ,0.7964834509924826,6.0
6,70,50,-170,US.BOZ,surface,BH1,0.93786562290937,6.0
6,70,50,-170,US.BOZ,surface,BH2,0.7313651400147156,6.0
6,70,50,-170,US.DUG,pnl,BHZ,0.4646783427848518,6.0
6,70,50,-170,US.DUG,pnl,BH1,0.4011875076119592,6.0
6,70,50,-170,US.DUG,pnl,BH2,-0.20333818225018294,6.0
6,70,50,-170,US.DUG,surface,BHZ,0.44037285273097365,2.9000000000000004
6,70,50,-170,US.DUG,surface,BH1,0.7893260703642099,2.9000000000000004
6,70,50,-170,US.DUG,surface,BH2,0.8371867865243752,2.9000000000000004
6,70,50,-170,US.ELK,pnl,BHZ,0.9858063634613353,2.5
6,70,50,-170,US.ELK,pnl,BH1,0.9894066071410307,2.5
6,70,50,-170,US.ELK,pnl,BH2,0.9504703456558304,2.5
6,70,50,-170,US.ELK,surface,BHZ,0.5671745708128652,5.1000000000000005
6,70,50,-170,US.ELK,surface,BH1,0.04966456636080605,5.1000000000000005
6,70,50,-170,US.ELK,surface,BH2,0.8339023615447279,5.1000000000000005
6,70,50,-170,US.HAWA,pnl,BHZ,0.8613310034932574,3.6
6,70,50,-170,US.HAWA,pnl,BH1,0.9052493266118237,3.6
6,70,50,-170,US.HAWA,pnl,BH2,0.647104779003249,3.6
6,70,50,-170,US.HAWA,surface,BHZ,0.8868023971657296,6.0
6,70,50,-170,US.HAWA,surface,BH1,0.7934883291753864,6.0
6,70,50,-170,US.HAWA,surface,BH2,0.880873434009226,6.0
6,70,50,-170,US.HWUT,pnl,BHZ,0.904064804403789,3.1
6,70,50,-170,US.HWUT,pnl,BH1,0.8381754943128659,3.1
6,70,50,-170,US.HWUT,pnl,BH2,0.714472768490866,3.1
6,70,50,-170,US.HWUT,surface,BHZ,0.42714406047086523,5.4
6,70,50,-170,US.HWUT,surface,BH1,0.8128472652518974,5.4
6,70,50,-170,US.HWUT,surface,BH2,0.8482884214975585,5.4
6,70,50,-170,US.MSO,pnl,BHZ,0.9550142633019237,3.8000000000000003
6,70,50,-170,US.MSO,pnl,BH1,0.9731735265665642,3.8000000000000003
6,70,50,-170,US.MSO,pnl,BH2,0.8545901398311712,3.8000000000000003
6,70,50,-170,US.MSO,surface,BHZ,0.7874464545775754,5.5
6,70,50,-170,US.MSO,surface,BH1,0.7847957473758458,5.5
6,70,50,-170,US.MSO,surface,BH2,0.8104726870718948,5.5
6,70,50,-170,US.NEW,pnl,BHZ,0.9443453445019885,2.5
6,70,50,-170,US.NEW,pnl,BH1,0.9146080173651678,2.5
6,70,50,-170,US.NEW,pnl,BH2,-0.7952075202213538,2.5
6,70,50,-170,US.NEW,surface,BHZ,0.529022308546733,3.1
6,70,50,-170,US.NEW,surface,BH1,0.5618807858829046,3.1
6,70,50,-170,US.NEW,surface,BH2,0.9680208733598564,3.1
6,70,50,-170,US.WVOR,pnl,BHZ,0.9086468686939637,2.0
6,70,50,-170,US.WVOR,pnl,BH1,0.3960207863254245,2.0
6,70,50,-170,US.WVOR,pnl,BH2,0.41887200368369787,2.0
6,70,50,-170,US.WVOR,surface,BHZ,0.6717779151676658,4.1000000000000005
6,70,50,-170,US.WVOR,surface,BH1,0.7248961884826035,4.1000000000000005
6,70,50,-170,US.WVOR,surface,BH2,0.7104428225554976,4.1000000000000005
6,60,80,-160,IW.DLMT,pnl,BHZ,0.013676349625790792,4.1000000000000005
6,60,80,-160,IW.DLMT,pnl,BH1,0.649724080485235,4.1000000000000005
6,60,80,-160,IW.DLMT,pnl,BH2,0.2452658951960491,4.1000000000000005
6,60,80,-160,IW.DLMT,surface,BHZ,0.6381725900398283,5.1000000000000005
6,60,80,-160,IW.DLMT,surface,BH1,0.9208054796153856,5.1000000000000005
6,60,80,-160,IW.DLMT,surface,BH2,0.8374056935351517,5.1000000000000005
6,60,80,-160,IW.MFID,pnl,BHZ,0.6225261424510584,2.0
6,60,80,-160,IW.MFID,pnl,BH1,0.7579012245280424,2.0
6,60,80,-160,IW.MFID,pnl,BH2,0.9791583926221573,2.0
6,60,80,-160,IW.MFID,surface,BHZ,0.07375925414308876,2.0
6,60,80,-160,IW.MFID,surface,BH1,0.052198256070744437,2.0
6,60,80,-160,IW.MFID,surface,BH2,0.33344846798034705,2.0
6,60,80,-160,IW.PLID,pnl,BHZ,0.9258039772455877,3.0
6,60,80,-160,IW.PLID,pnl,BH1,0.9067714133322372,3.0
6,60,80,-160,IW.PLID,pnl,BH2,0.9643259928579517,3.0
6,60,80,-160,IW.PLID,surface,BHZ,-0.18901113052011728,2.0
6,60,80,-160,IW.PLID,surface,BH1,0.5719547365284074,2.0
6,60,80,-160,IW.PLID,surface,BH2,0.18352615176371295,2.0
6,60,80,-160,US.BMO,pnl,BHZ,0.9665040767503438,3.2
6,60,80,-160,US.BMO,pnl,BH1,0.9514491660588394,3.2
6,60,80,-160,US.BMO,pnl,BH2,0.30050370602551285,3.2
6,60,80,-160,US.BMO,surface,BHZ,0.005907511783211764,2.0
6,60,80,-160,US.BMO,surface,BH1,0.7017569094984352,2.0
6,60,80,-160,US.BMO,surface,BH2,0.3833644878996308,2.0
6,60,80,-160,US.BOZ,pnl,BHZ,0.1740965546846913,6.0
6,60,80,-160,US.BOZ,pnl,BH1,-0.44389437896564377,6.0
6,60,80,-160,US.BOZ,pnl,BH2,-0.4608713102990777,6.0
6,60,80,-160,US.BOZ,surface,BHZ,0.7617244586996835,5.7
6,60,80,-160,US.BOZ,surface,BH1,0.9427049156283356,5.7
6,60,80,-160,US.BOZ,surface,BH2,0.8007733509030683,5.7
6,60,80,-160,US.DUG,pnl,BHZ,0.6407092719750186,4.6000000000000005
6,60,80,-160,US.DUG,pnl,BH1,0.4833898810915916,4.6000000000000005
6,60,80,-160,US.DUG,pnl,BH2,0.36323648030613076,4.6000000000000005
6,60,80,-160,US.DUG,surface,BHZ,0.5376337708743445,3.5
6,60,80,-160,US.DUG,surface,BH1,0.8158870990024804,3.5
6,60,80,-160,US.DUG,surface,BH2,0.8895926123359746,3.5
6,60,80,-160,US.ELK,pnl,BHZ,0.9837014504127779,3.0
6,60,80,-160,US.ELK,pnl,BH1,0.9831087652592609,3.0
6,60,80,-160,US.ELK,pnl,BH2,0.9289072800965763,3.0
6,60,80,-160,US.ELK,surface,BHZ,0.788647499848368,4.2
6,60,80,-160,US.ELK,surface,BH1,0.46306600165338346,4.2
6,60,80,-160,US.ELK,surface,BH2,0.9270545119964805,4.2
6,60,80,-160,US.HAWA,pnl,BHZ,0.8686506078000703,3.6
6,60,80,-160,US.HAWA,pnl,BH1,0.9292478367855095,3.6
6,60,80,-160,US.HAWA,pnl,BH2,0.619230482840142,3.6
6,60,80,-160,US.HAWA,surface,BHZ,0.8835380842339524,5.7
6,60,80,-160,US.HAWA,surface,BH1,0.8150911360187403,5.7
6,60,80,-160,US.HAWA,surface,BH2,0.8448982247613218,5.7
6,60,80,-160,US.HWUT,pnl,BHZ,0.9028392293324485,3.1
6,60,80,-160,US.HWUT,pnl,BH1,0.8346864079829613,3.1
6,60,80,-160,US.HWUT,pnl,BH2,0.7099126800313654,3.1
6,60,80,-160,US.HWUT,surface,BHZ,0.43073784399268056,5.6000000000000005
6,60,80,-160,US.HWUT,surface,BH1,0.8633242006497345,5.6000000000000005
6,60,80,-160,US.HWUT,surface,BH2,0.8967748286749895,5.6000000000000005
6,60,80,-160,US.MSO,pnl,BHZ,0.9545001187135909,3.4000000000000004
6,60,80,-160,US.MSO,pnl,BH1,0.9374402871242461,3.4000000000000004
6,60,80,-160,US.MSO,pnl,BH2,0.7395589342959058,3.4000000000000004
6,60,80,-160,US.MSO,surface,BHZ,0.7045789936107731,5.4
6,60,80,-160,US.MSO,surface,BH1,0.776185394861916,5.4
6,60,80,-160,US.MSO,surface,BH2,0.9423751838915152,5.4
6,60,80,-160,US.NEW,pnl,BHZ,0.9499178005827299,2.0
6,60,80,-160,US.NEW,pnl,BH1,0.9250031521715542,2.0
6,60,80,-160,US.NEW,pnl,BH2,-0.712694593963518,2.0
6,60,80,-160,US.NEW,surface,BHZ,0.6827812836490033,3.4000000000000004
6,60,80,-160,US.NEW,surface,BH1,0.5224818852298574,3.4000000000000004
6,60,80,-160,US.NEW,surface,BH2,0.9454827845499846,3.4000000000000004
6,60,80,-160,US.WVOR,pnl,BHZ,0.9359423057611458,2.2
6,60,80,-160,US.WVOR,pnl,BH1,0.18312705090085857,2.2
6,60,80,-160,US.WVOR,pnl,BH2,0.3374542561467073,2.2
6,60,80,-160,US.WVOR,surface,BHZ,0.6852145437430578,4.0
6,60,80,-160,US.WVOR,surface,BH1,0.8132132288824627,4.0
6,60,80,-160,US.WVOR,surface,BH2,0.803101176380436,4.0
6,50,70,-180,IW.DLMT,pnl,BHZ,0.2719391091192429,6.0
6,50,70,-180,IW.DLMT,pnl,BH1,0.4246987851489022,6.0
6,50,70,-180,IW.DLMT,pnl,BH2,0.13242329254348323,6.0
6,50,70,-180,IW.DLMT,surface,BHZ,0.5493807069705614,5.1000000000000005
6,50,70,-180,IW.DLMT,surface,BH1,0.9410943585986487,5.1000000000000005
6,50,70,-180,IW.DLMT,surface,BH2,0.7925108801000504,5.1000000000000005
6,50,70,-180,IW.MFID,pnl,BHZ,0.6386265203755646,2.0
6,50,70,-180,IW.MFID,pnl,BH1,0.7119631254439773,2.0
6,50,70,-180,IW.MFID,pnl,BH2,0.9698388084990066,2.0
6,50,70,-180,IW.MFID,surface,BHZ,0.06802617789398635,2.0
6,50,70,-180,IW.MFID,surface,BH1,-0.0400279664736343,2.0
6,50,70,-180,IW.MFID,surface,BH2,0.3126888115813932,2.0
6,50,70,-180,IW.PLID,pnl,BHZ,0.8566352942116803,2.0
6,50,70,-180,IW.PLID,pnl,BH1,0.9366116875573014,2.0
6,50,70,-180,IW.PLID,pnl,BH2,-0.5671049545769512,2.0
6,50,70,-180,IW.PLID,surface,BHZ,-0.1740232764826879,2.0
6,50,70,-180,IW.PLID,surface,BH1,0.4664153591492058,2.0
6,50,70,-180,IW.PLID,surface,BH2,0.18407428799106398,2.0
6,50,70,-180,US.BMO,pnl,BHZ,0.8817720421650533,3.4000000000000004
6,50,70,-180,US.BMO,pnl,BH1,0.937746182115043,3.4000000000000004
6,50,70,-180,US.BMO,pnl,BH2,0.04993234279446046,3.4000000000000004
6,50,70,-180,US.BMO,surface,BHZ,0.017910066255371927,2.0
6,50,70,-180,US.BMO,surface,BH1,0.7765052160525066,2.0
6,50,70,-180,US.BMO,surface,BH2,0.2978294205559463,2.0
6,50,70,-180,US.BOZ,pnl,BHZ,0.10314949645638163,6.0
6,50,70,-180,US.BOZ,pnl,BH1,-0.48983849617786235,6.0
6,50,70,-180,US.BOZ,pnl,BH2,-0.42369330500353297,6.0
6,50,70,-180,US.BOZ,surface,BHZ,0.707873896750505,5.9
6,50,70,-180,US.BOZ,surface,BH1,0.946543138147678,5.9
6,50,70,-180,US.BOZ,surface,BH2,0.77818813516928,5.9
6,50,70,-180,US.DUG,pnl,BHZ,0.658742842353239,2.0
6,50,70,-180,US.DUG,pnl,BH1,0.5358050761290364,2.0
6,50,70,-180,US.DUG,pnl,BH2,0.30974352777690156,2.0
6,50,70,-180,US.DUG,surface,BHZ,0.46401974425892767,5.0
6,50,70,-180,US.DUG,surface,BH1,0.8311983565078079,5.0
6,50,70,-180,US.DUG,surface,BH2,0.8602795536487717,5.0
6,50,70,-180,US.ELK,pnl,BHZ,0.9796854880266189,2.8000000000000003
6,50,70,-180,US.ELK,pnl,BH1,0.9771505136446889,2.8000000000000003
6,50,70,-180,US.ELK,pnl,BH2,0.89333062997536,2.8000000000000003
6,50,70,-180,US.ELK,surface,BHZ,0.6060463948371083,5.5
6,50,70,-180,US.ELK,surface,BH1,0.4457967926161211,5.5
6,50,70,-180,US.ELK,surface,BH2,0.777765456074332,5.5
6,50,70,-180,US.HAWA,pnl,BHZ,0.8732437021839191,3.0
6,50,70,-180,US.HAWA,pnl,BH1,0.9406264488121191,3.0
6,50,70,-180,US.HAWA,pnl,BH2,0.5499697288199271,3.0
6,50,70,-180,US.HAWA,surface,BHZ,0.8357277328930315,6.0
6,50,70,-180,US.HAWA,surface,BH1,0.8543758870874323,6.0
6,50,70,-180,US.HAWA,surface,BH2,0.7707886839405076,6.0
6,50,70,-180,US.HWUT,pnl,BHZ,0.8912183302874025,3.5
6,50,70,-180,US.HWUT,pnl,BH1,0.8157716211831817,3.5
6,50,70,-180,US.HWUT,pnl,BH2,0.6888344968197436,3.5
6,50,70,-180,US.HWUT,surface,BHZ,0.5662935391441992,5.1000000000000005
6,50,70,-180,US.HWUT,surface,BH1,0.8933768816165119,5.1000000000000005
6,50,70,-180,US.HWUT,surface,BH2,0.8802921677735835,5.1000000000000005
6,50,70,-180,US.MSO,pnl,BHZ,0.9507041426455809,3.8000000000000003
6,50,70,-180,US.MSO,pnl,BH1,0.7997086296229285,3.8000000000000003
6,50,70,-180,US.MSO,pnl,BH2,0.5250538048938659,3.8000000000000003
6,50,70,-180,US.MSO,surface,BHZ,0.7661278931583374,5.4
6,50,70,-180,US.MSO,surface,BH1,0.9120702525387425,5.4
6,50,70,-180,US.MSO,surface,BH2,0.9409037283862325,5.4
6,50,70,-180,US.NEW,pnl,BHZ,0.9383210670762476,2.3000000000000003
6,50,70,-180,US.NEW,pnl,BH1,0.9042271045557099,2.3000000000000003
6,50,70,-180,US.NEW,pnl,BH2,-0.649538080410406,2.3000000000000003
6,50,70,-180,US.NEW,surface,BHZ,0.4960510791272375,3.0
6,50,70,-180,US.NEW,surface,BH1,0.45912652106791313,3.0
6,50,70,-180,US.NEW,surface,BH2,0.9654082725882162,3.0
6,50,70,-180,US.WVOR,pnl,BHZ,0.8460461855209043,2.0
6,50,70,-180,US.WVOR,pnl,BH1,0.02993563064619506,2.0
6,50,70,-180,US.WVOR,pnl,BH2,0.29264970439506205,2.0
6,50,70,-180,US.WVOR,surface,BHZ,0.5887913097144992,4.1000000000000005
6,50,70,-180,US.WVOR,surface,BH1,0.8144536569571819,4.1000000000000005
6,50,70,-180,US.WVOR,surface,BH2,0.7827044269147839,4.1000000000000005
6,50,60,-180,IW.DLMT,pnl,BHZ,0.32187478982296525,6.0
6,50,60,-180,IW.DLMT,pnl,BH1,0.43365563196536666,6.0
6,50,60,-180,IW.DLMT,pnl,BH2,0.17248002594624226,6.0
6,50,60,-180,IW.DLMT,surface,BHZ,0.6452826346088936,5.4
6,50,60,-180,IW.DLMT,surface,BH1,0.9371072141440976,5.4
6,50,60,-180,IW.DLMT,surface,BH2,0.7145016972803295,5.4
6,50,60,-180,IW.MFID,pnl,BHZ,0.571216726583603,2.0
6,50,60,-180,IW.MFID,pnl,BH1,0.6932811055181667,2.0
6,50,60,-180,IW.MFID,pnl,BH2,0.9638452569087418,2.0
6,50,60,-180,IW.MFID,surface,BHZ,0.06129179293599122,2.0
6,50,60,-180,IW.MFID,surface,BH1,-0.09362087390402694,2.0
6,50,60,-180,IW.MFID,surface,BH2,0.2941310073304259,2.0
6,50,60,-180,IW.PLID,pnl,BHZ,0.7801173972874327,2.0
6,50,60,-180,IW.PLID,pnl,BH1,0.8973224210977144,2.0
6,50,60,-180,IW.PLID,pnl,BH2,-0.559556199200612,2.0
6,50,60,-180,IW.PLID,surface,BHZ,-0.17431863313568924,2.0
6,50,60,-180,IW.PLID,surface,BH1,0.386097087259061,2.0
6,50,60,-180,IW.PLID,surface,BH2,0.2357521022993044,2.0
6,50,60,-180,US.BMO,pnl,BHZ,0.9323577578053639,3.3000000000000003
6,50,60,-180,US.BMO,pnl,BH1,0.9478332112770778,3.3000000000000003
6,50,60,-180,US.BMO,pnl,BH2,0.08130222065437466,3.3000000000000003
6,50,60,-180,US.BMO,surface,BHZ,0.01674978359559368,2.0
6,50,60,-180,US.BMO,surface,BH1,0.786372614888303,2.0
6,50,60,-180,US.BMO,surface,BH2,0.31958371177903855,2.0
6,50,60,-180,US.BOZ,pnl,BHZ,0.17187219395463388,6.0
6,50,60,-180,US.BOZ,pnl,BH1,-0.4677638786131808,6.0
6,50,60,-180,US.BOZ,pnl,BH2,-0.3864755986251265,6.0
6,50,60,-180,US.BOZ,surface,BHZ,0.7658618902887001,6.0
6,50,60,-180,US.BOZ,surface,BH1,0.945488994825009,6.0
6,50,60,-180,US.BOZ,surface,BH2,0.7441632722173184,6.0
6,50,60,-180,US.DUG,pnl,BHZ,0.6480435156010168,2.0
6,50,60,-180,US.DUG,pnl,BH1,0.5344215310533558,2.0
6,50,60,-180,US.DUG,pnl,BH2,0.31414177642367835,2.0
6,50,60,-180,US.DUG,surface,BHZ,0.35658787452596674,5.0
6,50,60,-180,US.DUG,surface,BH1,0.8236723651711079,5.0
6,50,60,-180,US.DUG,surface,BH2,0.8513628173619852,5.0
6,50,60,-180,US.ELK,pnl,BHZ,0.9798193856610646,2.7
6,50,60,-180,US.ELK,pnl,BH1,0.9783322524882374,2.7
6,50,60,-180,US.ELK,pnl,BH2,0.8939634408140501,2.7
6,50,60,-180,US.ELK,surface,BHZ,0.4925710557067738,5.7
6,50,60,-180,US.ELK,surface,BH1,0.3633151174219145,5.7
6,50,60,-180,US.ELK,surface,BH2,0.713806319098751,5.7
6,50,60,-180,US.HAWA,pnl,BHZ,0.8722095040679751,3.1
6,50,60,-180,US.HAWA,pnl,BH1,0.9428627414560774,3.1
6,50,60,-180,US.HAWA,pnl,BH2,0.5461206587013742,3.1
6,50,60,-180,US.HAWA,surface,BHZ,0.8796692062872162,6.0
6,50,60,-180,US.HAWA,surface,BH1,0.851792732954184,6.0
6,50,60,-180,US.HAWA,surface,BH2,0.7843374511989841,6.0
6,50,60,-180,US.HWUT,pnl,BHZ,0.8940450011876813,3.4000000000000004
6,50,60,-180,US.HWUT,pnl,BH1,0.8189961034810915,3.4000000000000004
6,50,60,-180,US.HWUT,pnl,BH2,0.6913742954929362,3.4000000000000004
6,50,60,-180,US.HWUT,surface,BHZ,0.5287299789248305,5.1000000000000005
6,50,60,-180,US.HWUT,surface,BH1,0.8911284430359507,5.1000000000000005
6,50,60,-180,US.HWUT,surface,BH2,0.8780922439315056,5.1000000000000005
6,50,60,-180,US.MSO,pnl,BHZ,0.9449309745785137,4.0
6,50,60,-180,US.MSO,pnl,BH1,0.7929883338202867,4.0
6,50,60,-180,US.MSO,pnl,BH2,0.5005557136982741,4.0
6,50,60,-180,US.MSO,surface,BHZ,0.6981760569760878,5.4
6,50,60,-180,US.MSO,surface,BH1,0.9342782136412132,5.4
6,50,60,-180,US.MSO,surface,BH2,0.9298503257163107,5.4
6,50,60,-180,US.NEW,pnl,BHZ,0.930850743956037,2.3000000000000003
6,50,60,-180,US.NEW,pnl,BH1,0.8931921157923495,2.3000000000000003
6,50,60,-180,US.NEW,pnl,BH2,-0.6364623534325147,2.3000000000000003
6,50,60,-180,US.NEW,surface,BHZ,0.3897594918421807,2.8000000000000003
6,50,60,-180,US.NEW,surface,BH1,0.3978862437965861,2.8000000000000003
6,50,60,-180,US.NEW,surface,BH2,0.9645390853918608,2.8000000000000003
6,50,60,-180,US.WVOR,pnl,BHZ,0.7858510309027038,2.0
6,50,60,-180,US.WVOR,pnl,BH1,0.043481387921829796,2.0
6,50,60,-180,US.WVOR,pnl,BH2,0.30329870658986885,2.0
6,50,60,-180,US.WVOR,surface,BHZ,0.5548949712040601,4.1000000000000005
6,50,60,-180,US.WVOR,surface,BH1,0.7983466027510969,4.1000000000000005
6,50,60,-180,US.WVOR,surface,BH2,0.7580463541546268,4.1000000000000005
6,50,70,-170,IW.DLMT,pnl,BHZ,0.2766268664028008,6.0
6,50,70,-170,IW.DLMT,pnl,BH1,0.40418524878223705,6.0
6,50,70,-170,IW.DLMT,pnl,BH2,0.14497824714285054,6.0
6,50,70,-170,IW.DLMT,surface,BHZ,0.5932920451341299,5.1000000000000005
6,50,70,-170,IW.DLMT,surface,BH1,0.9406902712097291,5.1000000000000005
6,50,70,-170,IW.DLMT,surface,BH2,0.7762647398463681,5.1000000000000005
6,50,70,-170,IW.MFID,pnl,BHZ,0.7202835132828836,2.0
6,50,70,-170,IW.MFID,pnl,BH1,0.7216023977921006,2.0
6,50,70,-170,IW.MFID,pnl,BH2,0.9715089174651478,2.0
6,50,70,-170,IW.MFID,surface,BHZ,0.06707349258092109,2.0
6,50,70,-170,IW.MFID,surface,BH1,-0.0011539802177893332,2.0
6,50,70,-170,IW.MFID,surface,BH2,0.2910602962241179,2.0
6,50,70,-170,IW.PLID,pnl,BHZ,0.9084418402548998,2.0
6,50,70,-170,IW.PLID,pnl,BH1,0.9510707668556655,2.0
6,50,70,-170,IW.PLID,pnl,BH2,-0.7269741247566737,2.0
6,50,70,-170,IW.PLID,surface,BHZ,-0.18700450737369972,2.0
6,50,70,-170,IW.PLID,surface,BH1,0.5039771606799428,2.0
6,50,70,-170,IW.PLID,surface,BH2,0.19664494491020904,2.0
6,50,70,-170,US.BMO,pnl,BHZ,0.9640747257438605,3.2
6,50,70,-170,US.BMO,pnl,BH1,0.9536436798001265,3.2
6,50,70,-170,US.BMO,pnl,BH2,0.08731577395146589,3.2
6,50,70,-170,US.BMO,surface,BHZ,0.0026124093334947193,2.0
6,50,70,-170,US.BMO,surface,BH1,0.7583093575481233,2.0
6,50,70,-170,US.BMO,surface,BH2,0.3212394698748947,2.0
6,50,70,-170,US.BOZ,pnl,BHZ,0.12805296693089735,6.0
6,50,70,-170,US.BOZ,pnl,BH1,-0.48660395008607055,6.0
6,50,70,-170,US.BOZ,pnl,BH2,-0.41209636864289795,6.0
6,50,70,-170,US.BOZ,surface,BHZ,0.7458404147882595,5.9
6,50,70,-170,US.BOZ,surface,BH1,0.9431363941223703,5.9
6,50,70,-170,US.BOZ,surface,BH2,0.7783286819325412,5.9
6,50,70,-170,US.DUG,pnl,BHZ,0.6798025529110633,2.0
6,50,70,-170,US.DUG,pnl,BH1,0.5416604224841716,2.0
6,50,70,-170,US.DUG,pnl,BH2,0.2800350828940133,2.0
6,50,70,-170,US.DUG,surface,BHZ,0.6234801415232618,4.5
6,50,70,-170,US.DUG,surface,BH1,0.8639834201727421,4.5
6,50,70,-170,US.DUG,surface,BH2,0.9003969461575188,4.5
6,50,70,-170,US.ELK,pnl,BHZ,0.97591717188223,3.0
6,50,70,-170,US.ELK,pnl,BH1,0.9708214668874825,3.0
6,50,70,-170,US.ELK,pnl,BH2,0.881802210462822,3.0
6,50,70,-170,US.ELK,surface,BHZ,0.7342927393832075,5.1000000000000005
6,50,70,-170,US.ELK,surface,BH1,0.6046058925767405,5.1000000000000005
6,50,70,-170,US.ELK,surface,BH2,0.8354960710011317,5.1000000000000005
6,50,70,-170,US.HAWA,pnl,BHZ,0.8963095250810079,3.6
6,50,70,-170,US.HAWA,pnl,BH1,0.8766160434401981,3.6
6,50,70,-170,US.HAWA,pnl,BH2,0.34183441113614077,3.6
6,50,70,-170,US.HAWA,surface,BHZ,0.8691433699806757,5.7
6,50,70,-170,US.HAWA,surface,BH1,0.832489574946629,5.7
6,50,70,-170,US.HAWA,surface,BH2,0.8073398034407442,5.7
6,50,70,-170,US.HWUT,pnl,BHZ,0.9070461196934094,3.0
6,50,70,-170,US.HWUT,pnl,BH1,0.8219137147139116,3.0
6,50,70,-170,US.HWUT,pnl,BH2,0.6890299290995715,3.0
6,50,70,-170,US.HWUT,surface,BHZ,0.41057210090796975,5.5
6,50,70,-170,US.HWUT,surface,BH1,0.8828193234400123,5.5
6,50,70,-170,US.HWUT,surface,BH2,0.8801419157924169,5.5
6,50,70,-170,US.MSO,pnl,BHZ,0.956497359997112,3.7
6,50,70,-170,US.MSO,pnl,BH1,0.819567067843647,3.7
6,50,70,-170,US.MSO,pnl,BH2,0.5408169944154156,3.7
6,50,70,-170,US.MSO,surface,BHZ,0.807111836680858,5.4
6,50,70,-170,US.MSO,surface,BH1,0.8956101733669986,5.4
6,50,70,-170,US.MSO,surface,BH2,0.9402172561646291,5.4
6,50,70,-170,US.NEW,pnl,BHZ,0.9374893059582166,2.1
6,50,70,-170,US.NEW,pnl,BH1,0.9047435352118095,2.1
6,50,70,-170,US.NEW,pnl,BH2,-0.589908793113524,2.1
6,50,70,-170,US.NEW,surface,BHZ,0.6482850425892308,3.3000000000000003
6,50,70,-170,US.NEW,surface,BH1,0.5101582713589241,3.3000000000000003
6,50,70,-170,US.NEW,surface,BH2,0.9601665669518501,3.3000000000000003
6,50,70,-170,US.WVOR,pnl,BHZ,0.8811875762285989,2.0
6,50,70,-170,US.WVOR,pnl,BH1,0.05203119396635233,2.0
6,50,70,-170,US.WVOR,pnl,BH2,0.2994897816789193,2.0
6,50,70,-170,US.WVOR,surface,BHZ,0.602063063713215,4.2
6,50,70,-170,US.WVOR,surface,BH1,0.8179429930725202,4.2
6,50,70,-170,US.WVOR,surface,BH2,0.7881731156732591,4.2
6,70,60,-170,IW.DLMT,pnl,BHZ,0.7851755984160516,2.8000000000000003
6,70,60,-170,IW.DLMT,pnl,BH1,0.7270187744677777,2.8000000000000003
6,70,60,-170,IW.DLMT,pnl,BH2,0.5427969057869151,2.8000000000000003
6,70,60,-170,IW.DLMT,surface,BHZ,0.7727341567349842,5.6000000000000005
6,70,60,-170,IW.DLMT,surface,BH1,0.9001046520648988,5.6000000000000005
6,70,60,-170,IW.DLMT,surface,BH2,0.7562858605266716,5.6000000000000005
6,70,60,-170,IW.MFID,pnl,BHZ,0.7710271227020148,2.0
6,70,60,-170,IW.MFID,pnl,BH1,0.8261217219579059,2.0
6,70,60,-170,IW.MFID,pnl,BH2,0.9733511447357205,2.0
6,70,60,-170,IW.MFID,surface,BHZ,0.05851889935752372,2.0
6,70,60,-170,IW.MFID,surface,BH1,-0.05516340916176986,2.0
6,70,60,-170,IW.MFID,surface,BH2,0.3306680662301633,2.0
6,70,60,-170,IW.PLID,pnl,BHZ,0.896914715457498,2.8000000000000003
6,70,60,-170,IW.PLID,pnl,BH1,0.9564119900356196,2.8000000000000003
6,70,60,-170,IW.PLID,pnl,BH2,0.9662069431515227,2.8000000000000003
6,70,60,-170,IW.PLID,surface,BHZ,-0.18977360189121284,2.0
6,70,60,-170,IW.PLID,surface,BH1,0.49356719158410495,2.0
6,70,60,-170,IW.PLID,surface,BH2,0.2865006352462569,2.0
6,70,60,-170,US.BMO,pnl,BHZ,0.9725414389292942,3.4000000000000004
6,70,60,-170,US.BMO,pnl,BH1,0.9031476816509243,3.4000000000000004
6,70,60,-170,US.BMO,pnl,BH2,0.4815922968199894,3.4000000000000004
6,70,60,-170,US.BMO,surface,BHZ,0.0036364356078826075,2.0
6,70,60,-170,US.BMO,surface,BH1,0.7096924177675459,2.0
6,70,60,-170,US.BMO,surface,BH2,0.39825625906944834,2.0
6,70,60,-170,US.BOZ,pnl,BHZ,0.8251623757752283,6.0
6,70,60,-170,US.BOZ,pnl,BH1,-0.12147103987559987,6.0
6,70,60,-170,US.BOZ,pnl,BH2,0.5881133773508561,6.0
6,70,60,-170,US.BOZ,surface,BHZ,0.7974675215488817,6.0
6,70,60,-170,US.BOZ,surface,BH1,0.9330244822535709,6.0
6,70,60,-170,US.BOZ,surface,BH2,0.7685855536914388,6.0
6,70,60,-170,US.DUG,pnl,BHZ,0.37610294990080756,6.0
6,70,60,-170,US.DUG,pnl,BH1,0.3082544580331688,6.0
6,70,60,-170,US.DUG,pnl,BH2,-0.26281102967657766,6.0
6,70,60,-170,US.DUG,surface,BHZ,0.43797204609928225,2.9000000000000004
6,70,60,-170,US.DUG,surface,BH1,0.7831666568853523,2.9000000000000004
6,70,60,-170,US.DUG,surface,BH2,0.8286319667802985,2.9000000000000004
6,70,60,-170,US.ELK,pnl,BHZ,0.9862468084556574,2.6
6,70,60,-170,US.ELK,pnl,BH1,0.9891439482963539,2.6
6,70,60,-170,US.ELK,pnl,BH2,0.9529532185523707,2.6
6,70,60,-170,US.ELK,surface,BHZ,0.7571905019070536,4.7
6,70,60,-170,US.ELK,surface,BH1,0.08634309259935598,4.7
6,70,60,-170,US.ELK,surface,BH2,0.8949653780926891,4.7
6,70,60,-170,US.HAWA,pnl,BHZ,0.8666614083398777,3.4000000000000004
6,70,60,-170,US.HAWA,pnl,BH1,0.8955462529400534,3.4000000000000004
6,70,60,-170,US.HAWA,pnl,BH2,0.6522528333989689,3.4000000000000004
6,70,60,-170,US.HAWA,surface,BHZ,0.8974071160878073,6.0
6,70,60,-170,US.HAWA,surface,BH1,0.8072798025558077,6.0
6,70,60,-170,US.HAWA,surface,BH2,0.8645933652993589,6.0
6,70,60,-170,US.HWUT,pnl,BHZ,0.900183843306687,3.2
6,70,60,-170,US.HWUT,pnl,BH1,0.8357275071385991,3.2
6,70,60,-170,US.HWUT,pnl,BH2,0.7112163689447277,3.2
6,70,60,-170,US.HWUT,surface,BHZ,0.46547144778562116,5.4
6,70,60,-170,US.HWUT,surface,BH1,0.8288757958879288,5.4
6,70,60,-170,US.HWUT,surface,BH2,0.8662892092401459,5.4
6,70,60,-170,US.MSO,pnl,BHZ,0.9537202336977622,3.7
6,70,60,-170,US.MSO,pnl,BH1,0.9736038866165655,3.7
6,70,60,-170,US.MSO,pnl,BH2,0.8724161877293961,3.7
6,70,60,-170,US.MSO,surface,BHZ,0.850976476618601,5.6000000000000005
6,70,60,-170,US.MSO,surface,BH1,0.8026827848026721,5.6000000000000005
6,70,60,-170,US.MSO,surface,BH2,0.8501139205984545,5.6000000000000005
6,70,60,-170,US.NEW,pnl,BHZ,0.9487997516191922,2.5
6,70,60,-170,US.NEW,pnl,BH1,0.9234793491408346,2.5
6,70,60,-170,US.NEW,pnl,BH2,-0.8098959820428309,2.5
6,70,60,-170,US.NEW,surface,BHZ,0.7046502396013636,3.2
6,70,60,-170,US.NEW,surface,BH1,0.585264074106096,3.2
6,70,60,-170,US.NEW,surface,BH2,0.9620693820108163,3.2
6,70,60,-170,US.WVOR,pnl,BHZ,0.9212312105420807,2.1
6,70,60,-170,US.WVOR,pnl,BH1,0.3814066217069236,2.1
6,70,60,-170,US.WVOR,pnl,BH2,0.40899520541328704,2.1
6,70,60,-170,US.WVOR,surface,BHZ,0.7129389893784648,4.1000000000000005
6,70,60,-170,US.WVOR,surface,BH1,0.7574740033831311,4.1000000000000005
6,70,60,-170,US.WVOR,surface,BH2,0.7646307496390544,4.1000000000000005
6,60,70,-150,IW.DLMT,pnl,BHZ,0.18661408109436636,3.2
6,60,70,-150,IW.DLMT,pnl,BH1,0.7124030188111931,3.2
6,60,70,-150,IW.DLMT,pnl,BH2,0.3662890895671796,3.2
6,60,70,-150,IW.DLMT,surface,BHZ,0.7266918422553804,5.2
6,60,70,-150,IW.DLMT,surface,BH1,0.9213279001852791,5.2
6,60,70,-150,IW.DLMT,surface,BH2,0.8022933587006346,5.2
6,60,70,-150,IW.MFID,pnl,BHZ,0.6771482396258635,2.0
6,60,70,-150,IW.MFID,pnl,BH1,0.6791375797373903,2.0
6,60,70,-150,IW.MFID,pnl,BH2,0.9796631716980015,2.0
6,60,70,-150,IW.MFID,surface,BHZ,0.06677728283615647,2.0
6,60,70,-150,IW.MFID,surface,BH1,0.03665108266964282,2.0
6,60,70,-150,IW.MFID,surface,BH2,0.2976223598914354,2.0
6,60,70,-150,IW.PLID,pnl,BHZ,0.9508623383174238,3.1
6,60,70,-150,IW.PLID,pnl,BH1,0.9216608662352292,3.1
6,60,70,-150,IW.PLID,pnl,BH2,0.8389493759949503,3.1
6,60,70,-150,IW.PLID,surface,BHZ,-0.19201893852742982,2.0
6,60,70,-150,IW.PLID,surface,BH1,0.5656247217828403,2.0
6,60,70,-150,IW.PLID,surface,BH2,0.22395474201640336,2.0
6,60,70,-150,US.BMO,pnl,BHZ,0.9417869042495727,3.2
6,60,70,-150,US.BMO,pnl,BH1,0.9552250057890795,3.2
6,60,70,-150,US.BMO,pnl,BH2,0.35311761289209936,3.2
6,60,70,-150,US.BMO,surface,BHZ,-0.014434514133495835,2.0
6,60,70,-150,US.BMO,surface,BH1,0.6996958432460685,2.0
6,60,70,-150,US.BMO,surface,BH2,0.37003648585296267,2.0
6,60,70,-150,US.BOZ,pnl,BHZ,0.4680821977177937,6.0
6,60,70,-150,US.BOZ,pnl,BH1,-0.36771882107962744,6.0
6,60,70,-150,US.BOZ,pnl,BH2,-0.31179122134161874,6.0
6,60,70,-150,US.BOZ,surface,BHZ,0.8424349274915264,5.9
6,60,70,-150,US.BOZ,surface,BH1,0.928797933524939,5.9
6,60,70,-150,US.BOZ,surface,BH2,0.8048693202585152,5.9
6,60,70,-150,US.DUG,pnl,BHZ,0.6596073803144266,2.9000000000000004
6,60,70,-150,US.DUG,pnl,BH1,0.5179674903173883,2.9000000000000004
6,60,70,-150,US.DUG,pnl,BH2,0.28223143398570305,2.9000000000000004
6,60,70,-150,US.DUG,surface,BHZ,0.5435377701170999,3.6
6,60,70,-150,US.DUG,surface,BH1,0.7970940327739696,3.6
6,60,70,-150,US.DUG,surface,BH2,0.9004975028643434,3.6
6,60,70,-150,US.ELK,pnl,BHZ,0.9806513716416652,3.1
6,60,70,-150,US.ELK,pnl,BH1,0.9769363574256967,3.1
6,60,70,-150,US.ELK,pnl,BH2,0.8946129271821953,3.1
6,60,70,-150,US.ELK,surface,BHZ,0.8033824259867237,4.2
6,60,70,-150,US.ELK,surface,BH1,0.5785056091183182,4.2
6,60,70,-150,US.ELK,surface,BH2,0.9201539602048174,4.2
6,60,70,-150,US.HAWA,pnl,BHZ,0.8002491790235973,6.0
6,60,70,-150,US.HAWA,pnl,BH1,0.6113015578727663,6.0
6,60,70,-150,US.HAWA,pnl,BH2,0.48123375993711526,6.0
6,60,70,-150,US.HAWA,surface,BHZ,0.8247723009955753,5.6000000000000005
6,60,70,-150,US.HAWA,surface,BH1,0.7906843153275264,5.6000000000000005
6,60,70,-150,US.HAWA,surface,BH2,0.8643250431710701,5.6000000000000005
6,60,70,-150,US.HWUT,pnl,BHZ,0.9104030886392774,2.2
6,60,70,-150,US.HWUT,pnl,BH1,0.8444370216777098,2.2
6,60,70,-150,US.HWUT,pnl,BH2,0.7307366699006392,2.2
6,60,70,-150,US.HWUT,surface,BHZ,0.33291997895902287,5.7
6,60,70,-150,US.HWUT,surface,BH1,0.8419406886708842,5.7
6,60,70,-150,US.HWUT,surface,BH2,0.8858711139108572,5.7
6,60,70,-150,US.MSO,pnl,BHZ,0.9588796253535398,3.4000000000000004
6,60,70,-150,US.MSO,pnl,BH1,0.9378552967325112,3.4000000000000004
6,60,70,-150,US.MSO,pnl,BH2,0.7263649850208852,3.4000000000000004
6,60,70,-150,US.MSO,surface,BHZ,0.8486891495011091,5.300000000000001
6,60,70,-150,US.MSO,surface,BH1,0.8295698815925389,5.300000000000001
6,60,70,-150,US.MSO,surface,BH2,0.9445134411460602,5.300000000000001
6,60,70,-150,US.NEW,pnl,BHZ,0.9471503501896513,2.0
6,60,70,-150,US.NEW,pnl,BH1,0.9242870277321839,2.0
6,60,70,-150,US.NEW,pnl,BH2,-0.6283521701626704,2.0
6,60,70,-150,US.NEW,surface,BHZ,0.7231941910361669,3.6
6,60,70,-150,US.NEW,surface,BH1,0.501578578890023,3.6
6,60,70,-150,US.NEW,surface,BH2,0.9396622362558463,3.6
6,60,70,-150,US.WVOR,pnl,BHZ,0.9353528030727163,2.1
6,60,70,-150,US.WVOR,pnl,BH1,0.22865162453910853,2.1
6,60,70,-150,US.WVOR,pnl,BH2,0.3551619573732506,2.1
6,60,70,-150,US.WVOR,surface,BHZ,0.7875066294249088,4.2
6,60,70,-150,US.WVOR,surface,BH1,0.8238192827353843,4.2
6,60,70,-150,US.WVOR,surface,BH2,0.7966321164836696,4.2
6,50,60,-170,IW.DLMT,pnl,BHZ,0.3224574699970973,6.0
6,50,60,-170,IW.DLMT,pnl,BH1,0.41861283365628504,6.0
6,50,60,-170,IW.DLMT,pnl,BH2,0.19525828416502394,6.0
6,50,60,-170,IW.DLMT,surface,BHZ,0.6631336259161026,5.300000000000001
6,50,60,-170,IW.DLMT,surface,BH1,0.9432657903401432,5.300000000000001
6,50,60,-170,IW.DLMT,surface,BH2,0.7047946433840409,5.300000000000001
6,50,60,-170,IW.MFID,pnl,BHZ,0.6736994234214303,2.0
6,50,60,-170,IW.MFID,pnl,BH1,0.710862775915821,2.0
6,50,60,-170,IW.MFID,pnl,BH2,0.9633080843729842,2.0
6,50,60,-170,IW.MFID,surface,BHZ,0.057669587728331896,2.0
6,50,60,-170,IW.MFID,surface,BH1,-0.05283605182183802,2.0
6,50,60,-170,IW.MFID,surface,BH2,0.266285073728559,2.0
6,50,60,-170,IW.PLID,pnl,BHZ,0.8371428313678885,2.0
6,50,60,-170,IW.PLID,pnl,BH1,0.9191579625745147,2.0
6,50,60,-170,IW.PLID,pnl,BH2,-0.7481911804724161,2.0
6,50,60,-170,IW.PLID,surface,BHZ,-0.18832735937091308,2.0
6,50,60,-170,IW.PLID,surface,BH1,0.42673088591040476,2.0
6,50,60,-170,IW.PLID,surface,BH2,0.22799181266471003,2.0
6,50,60,-170,US.BMO,pnl,BHZ,0.9652586596949815,3.1
6,50,60,-170,US.BMO,pnl,BH1,0.9587948372872079,3.1
6,50,60,-170,US.BMO,pnl,BH2,0.08999681697757599,3.1
6,50,60,-170,US.BMO,surface,BHZ,-0.003995121937539705,2.0
6,50,60,-170,US.BMO,surface,BH1,0.7724193201186338,2.0
6,50,60,-170,US.BMO,surface,BH2,0.3185413765490425,2.0
6,50,60,-170,US.BOZ,pnl,BHZ,0.20396340206208277,6.0
6,50,60,-170,US.BOZ,pnl,BH1,-0.465299533030883,6.0
6,50,60,-170,US.BOZ,pnl,BH2,-0.3699252834000868,6.0
6,50,60,-170,US.BOZ,surface,BHZ,0.7934581406961005,6.0
6,50,60,-170,US.BOZ,surface,BH1,0.9421503379645295,6.0
6,50,60,-170,US.BOZ,surface,BH2,0.7437913828472441,6.0
6,50,60,-170,US.DUG,pnl,BHZ,0.6693318627819399,2.0
6,50,60,-170,US.DUG,pnl,BH1,0.5425010734546163,2.0
6,50,60,-170,US.DUG,pnl,BH2,0.2883499124137411,2.0
6,50,60,-170,US.DUG,surface,BHZ,0.5580223062264494,4.7
6,50,60,-170,US.DUG,surface,BH1,0.8521701263131094,4.7
6,50,60,-170,US.DUG,surface,BH2,0.8795787424792119,4.7
6,50,60,-170,US.ELK,pnl,BHZ,0.9757075054157773,2.9000000000000004
6,50,60,-170,US.ELK,pnl,BH1,0.9715332925437626,2.9000000000000004
6,50,60,-170,US.ELK,pnl,BH2,0.8726366475421565,2.9000000000000004
6,50,60,-170,US.ELK,surface,BHZ,0.6013962401150786,5.4
6,50,60,-170,US.ELK,surface,BH1,0.5119903102159649,5.4
6,50,60,-170,US.ELK,surface,BH2,0.7616767302712764,5.4
6,50,60,-170,US.HAWA,pnl,BHZ,0.847064995318741,4.2
6,50,60,-170,US.HAWA,pnl,BH1,0.6362494294840595,4.2
6,50,60,-170,US.HAWA,pnl,BH2,0.1818025960522931,4.2
6,50,60,-170,US.HAWA,surface,BHZ,0.8493901373603955,5.800000000000001
6,50,60,-170,US.HAWA,surface,BH1,0.8346024598060965,5.800000000000001
6,50,60,-170,US.HAWA,surface,BH2,0.8091415282597305,5.800000000000001
6,50,60,-170,US.HWUT,pnl,BHZ,0.9178062546306522,2.9000000000000004
6,50,60,-170,US.HWUT,pnl,BH1,0.8135784241895655,2.9000000000000004
6,50,60,-170,US.HWUT,pnl,BH2,0.6724831009488588,2.9000000000000004
6,50,60,-170,US.HWUT,surface,BHZ,0.38454582451830516,5.5
6,50,60,-170,US.HWUT,surface,BH1,0.8777038765113152,5.5
6,50,60,-170,US.HWUT,surface,BH2,0.8742872179929871,5.5
6,50,60,-170,US.MSO,pnl,BHZ,0.9553936299317514,3.9000000000000004
6,50,60,-170,US.MSO,pnl,BH1,0.823993122623827,3.9000000000000004
6,50,60,-170,US.MSO,pnl,BH2,0.5253706664376597,3.9000000000000004
6,50,60,-170,US.MSO,surface,BHZ,0.7203207717549216,5.300000000000001
6,50,60,-170,US.MSO,surface,BH1,0.9316719536357169,5.300000000000001
6,50,60,-170,US.MSO,surface,BH2,0.9376406718627868,5.300000000000001
6,50,60,-170,US.NEW,pnl,BHZ,0.9296404355595985,2.1
6,50,60,-170,US.NEW,pnl,BH1,0.8935101528531798,2.1
6,50,60,-170,US.NEW,pnl,BH2,-0.5577581009666686,2.1
6,50,60,-170,US.NEW,surface,BHZ,0.5171071548388175,3.3000000000000003
6,50,60,-170,US.NEW,surface,BH1,0.431725038567297,3.3000000000000003
6,50,60,-170,US.NEW,surface,BH2,0.9655255119994112,3.3000000000000003
6,50,60,-170,US.WVOR,pnl,BHZ,0.839791831599428,2.0
6,50,60,-170,US.WVOR,pnl,BH1,0.0721527162324859,2.0
6,50,60,-170,US.WVOR,pnl,BH2,0.3136563090695947,2.0
6,50,60,-170,US.WVOR,surface,BHZ,0.5636542110051329,4.2
6,50,60,-170,US.WVOR,surface,BH1,0.801207954898229,4.2
6,50,60,-170,US.WVOR,surface,BH2,0.7644252934367582,4.2
